,0,1
0,-4.360791997527874,-0.11986632921717881
1,-4.151463326377593,0.08344382012923429
2,-3.9495598970082715,0.0313029345951959
3,3.968663102384456,0.06276013814184356
4,3.9908030154855214,-0.1574473868591625
5,3.883681651263736,-0.018316548078148632
6,4.104312177261132,-0.06252290840830466
7,4.0687974268055696,0.15107968791083035
8,-4.043186908563296,0.20358006416125496
9,3.857631299855174,-0.18948125966895885
10,4.042926187160646,-0.055455653427354014
11,4.023584273451476,-0.21450781078025585
12,3.9399495993847546,0.008135075476155287
13,-4.17508290134863,0.07908175276382504
14,-4.045894583805721,-0.05817757515723032
15,-3.945684726778369,0.02009584383586622
16,3.981267775759245,-0.17744438254611725
17,3.998682592775226,-0.0009201245436485442
18,-4.10064616003217,-0.06279395589210893
19,4.070115235037291,0.0952936949167604
20,3.9653704511682384,0.030374872885756358
21,-3.8990082939558737,0.06688818548659652
22,-3.8829177366195156,-0.037868880789972095
23,-3.9330964035519425,-0.012633654630312005
24,-4.07173382096817,0.09082546763443333
25,-3.97907656748254,0.33891315187656773
26,-3.862413697467501,0.001392302334120795
27,-4.064000717549652,-0.04984471461024915
28,-3.9671369630527864,-0.09183746461751326
29,-3.8759632172433944,-0.013683730782294578
30,-4.1385752019493705,0.0851387961636688
31,3.951010961959689,0.03474883675817855
32,-3.9939181401195833,0.05879594963172632
33,-4.014631420366725,-0.007840187012188915
34,-3.975544707298255,0.06800316312812262
35,3.927505968626242,0.219047161531918
36,3.934976299032112,-0.11306372967711455
37,4.136991166168758,-0.0011648534717177972
38,-3.9364613421813477,-0.0035266337241029976
39,4.053775552948881,0.06800933049920956
40,-4.17940409302403,-0.0008989374036477635
41,-3.882724073678119,-0.14607933909040965
42,4.0072635252555475,-0.012126728387164103
43,-3.771835951946558,0.06219315308178565
44,-4.261392290450075,0.21583140881320403
45,-3.9828224373128736,0.06705142134468253
46,-4.117976750513292,-0.19667089291038345
47,-4.123455184535042,0.0842569553568944
48,3.8193311265086307,-0.1983726568852007
49,4.0062253387117215,-0.015291617000245603
50,4.248803589982425,-0.06868676802814931
51,4.016478188927898,-0.1512076737715269
52,4.108718877506415,0.21728626105795432
53,4.0576603536518565,-0.151859649199607
54,3.9367689510581365,0.2996155859702494
55,-3.992660039816678,0.05900796302293321
56,4.1372178498975245,0.04314992107191323
57,4.1302768147626345,0.036228055511551394
58,3.9643927271075645,0.03247351438316248
59,4.028596314507665,-0.052052638115578795
60,-3.8687000893825925,-0.00763767016034907
61,4.239137901947427,0.12700449782029943
62,4.059159194376355,-0.32609365221861764
63,-4.124650606174212,-0.10832980721253123
64,3.8443559823202134,-0.043931759667543785
65,4.055853608603241,0.17526172244922567
66,-3.8503001588302124,0.019708700092999413
67,-3.9897757283910753,0.06253494245690594
68,3.8810935721764563,-0.141305900025522
69,-4.052844264069072,-0.05700149656657657
70,-4.059416541676758,-0.05437523664130682
71,4.102875043400423,0.173865435796693
72,-3.887273320482972,-0.14820901985992815
73,-3.7708443016235895,0.06611157314513055
74,-3.902860925576559,0.1742967529823688
75,3.9233652882334042,0.026770140343813385
76,-3.979899278208214,0.067774582583146
77,-3.891163379052991,-0.046669863557017535
78,-4.046108561226101,-0.058650905011013096
79,4.123044786960402,-0.0487835439210219
80,-3.9740243607746493,0.06667682035774836
81,3.8977723070550354,0.0038633460144931603
82,3.8493596418134826,-0.19149662075963078
83,-3.9654344352746485,-0.19024593930985792
84,-3.9162898951117096,0.30086998349920097
85,3.8303692204621003,0.09923465918800398
86,4.114361338901652,-0.2007992569737232
87,3.9888691275994823,0.015497660178960364
88,-4.015929424284295,-0.012726428368939151
89,-4.27146743409686,0.007780491323853715
90,4.0180916076053705,-0.053272863338491946
91,3.8808177504725463,-0.04838193929070536
92,3.851316386423078,-0.044408489570430684
93,3.9131143028040096,0.019193910391087643
94,-3.9349981238916536,-0.006351833172889048
95,-3.9770615072221416,-0.13948710328864639
96,-4.016329492232225,-0.1239825061120892
97,3.9181313903435666,0.019569371507373742
98,-3.929445882829356,-0.019936674996388647
99,-4.100961610764214,0.04915266862796874
100,3.8814473777736502,-0.021652104905742223
101,4.0351233028658795,0.11455860402044919
102,-3.956386475105216,0.14082331407464183
103,-4.1226730772758575,0.08222663772671202
104,-4.070381369163391,-0.06460429355617817
105,-3.9906579198146774,0.061371649878317135
106,-3.988751253570456,0.21996598260858952
107,4.047343926953229,0.1366068028850394
108,-4.031106829845426,-0.05335870926677844
109,3.989605031453102,0.014643320837830438
110,-4.193687038779742,-0.08918477525382672
111,4.09158997357473,0.0821507100439218
112,-3.877499566382516,0.01949730269109636
113,4.000842630698604,-0.00502035748232723
114,-3.757313409184231,-0.09244785468876723
115,4.004007399826428,0.11389756404865858
116,-4.055597629629457,-0.16255470704326053
117,-4.207950187819566,-0.22573704176257597
118,-3.9296617381199517,-0.2845977665699959
119,-3.977838120642652,-0.14252312933184225
120,-4.159957610932236,0.07891531752112804
121,-4.045823550993056,-0.05826928511852454
122,4.07752047502582,-0.0867821578205271
123,-4.080395196973967,0.10336341522615347
124,3.947841886085046,-0.1121989976226088
125,4.069971638566942,0.14157676626208882
126,3.895447481110513,-0.13375459957197947
127,-3.9881179596577834,-0.13244311939820805
128,3.9846410466504985,-0.15404420352747783
129,3.7943503471581295,-0.054532917900505504
130,4.0067141619353075,-0.23541968069573954
131,-3.9265699642804983,-0.09155535808199158
132,-4.099795392758779,0.022085746114464483
133,-3.760239936207962,0.3078088142349796
134,4.167346912066031,0.05490568455737607
135,3.972975996110209,0.029333905861585578
136,-4.137906617335361,0.16891880406881965
137,-4.0727473640856635,-0.04527294395645745
138,4.022684400142062,-0.04538490349257352
139,-4.180550646468436,-0.0535417911224005
140,-3.9077895892530146,0.07035305744717843
141,4.112799966710805,0.14599408616172854
142,-3.913696837554949,-0.03644139982282174
143,3.948332492579642,0.15974949348663198
144,-4.096636536557326,-0.005652081940572189
145,4.0343633931700404,-0.050152226251205835
146,4.132760299353813,-0.013900607143843627
147,-4.168974687216544,0.2096611346189977
148,4.0875489573591635,0.14528932625174906
149,-4.006734581107844,0.027347052605707887
150,3.756814998243962,0.07559510233977731
151,4.044027639372679,-0.1792955352571155
152,4.043296997784769,-0.178928897639421
153,-4.091257483040604,0.23190841030437803
154,3.9162923675200423,-0.3199021222366917
155,-4.100912644266166,0.04866407409228059
156,-4.056817000206186,0.18074616374940333
157,4.256174128691675,0.14131082731631056
158,4.042249425440925,-0.17837780186868993
159,-4.131230689575673,0.06916035768036942
160,-3.909854453097702,-0.03314067410787894
161,-3.9387932493476843,0.1401460609252907
162,3.98996158451051,0.014142432353675884
163,4.040190794783162,0.13690999912575988
164,3.9973968134291904,0.14469562229066846
165,4.054179354767935,-0.06638477923529809
166,-3.8030761977380174,0.1722301627631674
167,-4.033764480202548,0.036669501758552686
168,4.072316912207527,-0.06844945905155886
169,4.023320403093963,-0.04689269289227038
170,-4.109408474221292,0.075763275645575
171,-3.8219081091150664,-0.1544643291666993
172,3.8901487153570375,-0.15766745249836758
173,-4.108424154461761,0.07439904485903358
174,4.241889605747717,0.13145779915512423
175,-3.992264856297239,0.0594975151441203
176,4.103007859710755,0.08202956000571399
177,3.97064645287777,0.024905774399645635
178,4.024004525220094,0.3198508784113174
179,3.8449540864764953,-0.0698452432297102
180,-4.055012878484345,-0.2619653890836167
181,3.900772669817448,-0.026115950362719242
182,4.119120512455314,-0.18311881393957383
183,4.0857295837619745,0.10903733451462333
184,4.078987074647788,-0.16658444612987533
185,-3.9413581072176496,0.011901116777557124
186,3.9923709280895223,0.010528996015179804
187,-4.057044152640403,-0.055626524288992805
188,4.125223658693739,0.08127676103986188
189,-3.928707776381112,-0.024384579015571915
190,4.067670164110689,0.29705452838456864
191,3.9647216247546404,-0.16126819790691993
192,3.931863546517555,-0.14862938747985194
193,-3.867543820392815,-0.0868078224614054
194,-3.9831631732731463,0.06679544641400811
195,3.804696032646265,0.0844991120063188
196,3.903746548922494,0.2846547761870563
197,-4.06295522013949,-0.05231700471086689
198,4.087396174037885,-0.17761428881041708
199,4.117746895794411,-0.011287703778625199
200,-3.9232011550961032,0.1127843414164388
201,4.13231719977051,-0.03505126421205239
202,4.260810559307066,-0.02705532172862268
203,-4.038547478362586,-0.05595010132525646
204,-3.7575810850998943,-0.09146382656357825
205,4.156368715960559,-0.19159514987540535
206,3.9938218479498513,-0.19697711614005425
207,-3.7035624915443273,-0.010962750509440136
208,4.113444116782551,-0.05642318597097262
209,3.966769648783549,0.023456793015439906
210,-3.9017921738786243,-0.15127967589849878
211,-3.9379076693229567,-0.12128093463806391
212,3.8232814401053266,0.14596039428110746
213,-3.7065946011747757,0.0578740285254571
214,-3.9143847259226874,-0.03620132384648306
215,4.0232519654815135,0.09790164358752605
216,-4.128357423399366,-0.16859637569099234
217,-4.104414903575096,0.08557119921332494
218,3.971872360203342,0.02888949967115764
219,3.8533084968256124,-0.043234611562642536
220,4.137308766148918,0.042259088875620826
221,4.074185380101624,-0.13727719484971246
222,-4.359409232355153,0.0959610886292276
223,4.0819229448519865,0.01446126603477342
224,4.031115495843691,0.13770579724826884
225,-4.111187126008622,0.15777441496050584
226,4.04671396042382,-0.06372549045246802
227,-4.028993727536997,-0.05047203279858362
228,-4.140607730091196,0.08435492142133309
229,-3.952266760104386,0.17783869871131366
230,3.755938802522541,-0.13470632620497974
231,3.8876860493866734,-0.1372563464360813
232,-4.033182244705996,0.1435733863461194
233,-4.271600583117205,0.04657193225735283
234,-4.11381475338362,-0.19879507250803422
235,4.083711463122225,0.09423454135385136
236,-4.100581215424128,0.0439185222000185
237,3.9929844872304026,-0.33258260462711814
238,-3.95331681823878,-0.15684925807107647
239,-3.714300496019261,0.20168552567224626
240,4.173893812259918,-0.15859950848203228
241,4.010919764564216,0.10649800753163244
242,4.036357299642472,0.14552366934169644
243,4.014678905742429,-0.03532331897679451
244,-3.6774996157843525,-0.2041970189742038
245,3.7996521996442816,-0.2346865265661889
246,3.8873017488489436,-0.13709723186411762
247,-4.032845132054011,0.14231249368523735
248,4.131989154857584,0.019032194926185516
249,4.091289247858342,-0.0884583349507771
250,-4.1523895229411725,-0.11744137126623927
251,4.015042663824853,0.13286890093641116
252,-3.9457797626892885,-0.14709686374166206
253,4.018935781659562,-0.01232074749927423
254,4.143085405569005,0.04679177117133091
255,-3.8364117802668325,-0.026070444857416136
256,-3.8936044613339695,0.1617420374126028
257,3.9007173338690215,-0.01101946278105155
258,4.057685802691696,0.10783750257343239
259,4.163745310930373,-0.19303643254976854
260,-4.045643716734895,-0.05670520087251374
261,-4.004428941333333,-0.17447868620064352
262,3.9678868876208924,0.13820721306937292
263,4.170368439926613,-0.07278980215220146
264,3.9683386368300306,-0.14125068919579092
265,4.081055957033084,-0.05420310160607249
266,3.933093375413167,0.040125335664143315
267,4.103825931402071,0.09520897846412742
268,-3.9408364832322147,0.19458686983343748
269,3.8663262653702497,-0.03606283879083571
270,-4.182714095361273,0.07753171783932887
271,-4.033492162297705,-0.054766813946980325
272,-3.9525466110796628,0.03966824153225115
273,-3.8055748730385046,0.05720334870051281
274,3.9022297570449767,0.16070108230118257
275,-3.9370895564785173,-0.0005770287183464486
276,3.9711189960425965,0.028024775546440766
277,4.087221004015419,0.06543807700604269
278,4.0077604779427745,-0.2151015027119111
279,4.073698972247245,0.07896301398845129
280,3.6494758895600485,0.14554853636138532
281,-3.9147096392556273,-0.03604410873000283
282,4.069649254271955,0.025167607643982525
283,4.177866403393102,0.0588846065627892
284,-3.9820752153682855,0.11641283085880699
285,4.065638949587562,-0.09897369602182807
286,3.9659133150749053,0.032368955418566166
287,-4.035574801868083,0.050280382839845594
288,-3.971825067945332,-0.12977779396501649
289,3.890124636157464,0.08134257870959956
290,4.078747107888558,0.10847542246572578
291,-3.992556377165405,0.0591379967042663
292,3.770791701547793,0.04018915693315545
293,-3.9483313431461893,-0.1718177097495622
294,-4.014258340530762,-0.005972936439640288
295,3.8041403156784774,0.1268957218215385
296,3.9612728339322976,0.03271552690234774
297,-3.8058146739875265,0.05309600573136095
298,-3.770870006665421,-0.08453339262411412
299,3.7681639055009764,-0.09392243442035471
300,-4.10276401702537,-0.13361657856111123
301,-4.107354682856604,0.06852861208440322
302,3.905387003018904,0.012791263439713773
303,4.1918728788139425,-0.17740353722791588
304,4.02910048280575,0.14205370716265384
305,-4.078359657814786,0.2361593587688372
306,3.9735920741602895,-0.17081767770626863
307,-3.9015668877966863,-0.03701174659912878
308,3.8918486880088174,-0.012785572700410273
309,-3.887565449119723,0.11154726043068042
310,-3.9893840087280066,0.06281714012627859
311,4.137723080136711,-0.014919363940119394
312,-3.859301223911004,0.005798442637963672
313,-3.895187707513031,0.21765753915949637
314,4.052995635226349,-0.17749571154094862
315,-4.011636507717988,0.1618183699212866
316,-3.974023628746478,0.15143369724391953
317,4.098210270983673,-0.27069494997737087
318,-3.9488679045889628,-0.15059509159075937
319,-4.001091154688496,0.18573345811084674
320,-3.8225085708780138,-0.09538400795256854
321,-3.9072394655188822,0.1688590187360221
322,4.031738663195836,-0.05397966857359807
323,-4.083612066448368,-0.033448808857838914
324,-4.054912251158519,0.11288607993697963
325,3.9869594437111853,-0.14310428194790784
326,-3.9616689126779696,0.0018710401141011634
327,-4.036158228170811,-0.1251415585411747
328,4.14293964993333,0.2649763059036799
329,-3.8802782085221423,-0.06479191668949949
330,-4.165391135578044,-0.10331844973348255
331,4.018721426084332,-0.04040919693026036
332,-3.940959820506244,0.0066213539924535585
333,-3.9767045546844804,0.06813128008198434
334,3.922255910985636,-0.001319609379413153
335,-3.939273379115144,0.00200581532347514
336,-4.011274211807343,0.14205770897310696
337,-4.116243878660175,-0.1814299254370205
338,-3.9441695201457336,0.010258828403503518
339,-3.960124188591362,0.10250402765501163
340,-3.8049673926499947,-0.2738225234488001
341,4.190394177985634,-0.12693983436063433
342,4.142291102123192,0.1585127191723597
343,-4.19638527993436,-0.06865084728167407
344,-4.0037248598527,0.161355233164705
345,4.208866300636657,-0.12198357760172505
346,4.234012966801123,0.24159293313751037
347,-3.8670834937297,0.1339448876302985
348,3.948518489469312,0.03395585995948827
349,3.957019571471098,0.034335047307439776
350,-3.80715678867201,-0.15105461136710835
351,4.290998967406849,0.2132771990513217
352,3.7751630503939846,0.07204074644710202
353,-4.2005051086589935,0.07569997246334989
354,-3.8658513847211595,-0.1448688508909363
355,-3.757015672363224,-0.07624267544086655
356,3.9917037370451336,-0.08598285647190387
357,-4.032642251582126,-0.054664331615285944
358,3.8192524383207105,-0.07351024508259382
359,-3.9293736054020805,-0.14024418501477787
360,4.370304086448329,-0.2061070727942146
361,-4.163593449499887,0.08108168287531299
362,-3.843751447809942,0.028365949005634727
363,4.081050697241151,-0.06369865569780933
364,-4.000127464138327,0.046203781618395515
365,4.019119975762772,-0.04154812852093272
366,-4.198350780519025,-0.08594350741854913
367,-4.0997752963141725,0.012694248011605451
368,3.934536189828493,0.1952232336056019
369,4.039814736020623,-0.059838521811332895
370,-3.991514781032268,0.06065261757424759
371,-3.980573404623353,-0.21406723039643544
372,3.868955420296779,-0.035746047697262674
373,-3.9777375047702637,0.06925410830977452
374,-3.9658457328056698,0.06294158525225474
375,4.099691849977173,-0.034375629636762745
376,3.8989633395706997,0.00476056278278764
377,4.009902234439734,-0.009151504127118931
378,-4.090589635911587,-0.02757857597998893
379,3.8788867494254324,0.12090251810773694
380,3.9540917102996604,-0.13681881497047169
381,-3.886139022127189,-0.049499659631389706
382,3.975931602530185,-0.13985673021470127
383,-4.023962978003615,-0.042564863234119336
384,3.810804957148198,0.12508301418272696
385,-3.801930557501846,0.05608806115806421
386,-4.086280467835212,-0.18421059865292708
387,3.9050965520940117,0.11970355370249415
388,3.8953328378499488,-0.018801167298604267
389,-4.096670427729471,-0.005477728882295307
390,3.9184502068563125,0.08495673882711324
391,3.906639500472015,0.013227898418303307
392,4.1348783598151515,-0.015033094375696825
393,-3.92533414121313,-0.15532226011741412
394,-4.209626592588463,-0.07591947311649684
395,-3.878787313693136,0.11276913622759885
396,4.067543577186804,0.14991423671873244
397,3.955744325729368,0.03448281785617445
398,-3.970117271558527,0.06589756046981453
399,4.165780621446675,0.055149635779653566
400,-3.8895816217251897,-0.03044933029220459
401,4.024988070647519,0.11902326443639254
402,-3.775421280923664,0.063084945798985
403,4.193009338282512,0.09420510875671662
404,4.102374440528148,0.20615716563536918
405,-3.8418454278424417,0.15367310992383212
406,4.038347080471934,-0.17659096450174536
407,3.9970238597751595,-0.16414589550812286
408,4.1380634716814395,-0.20689375753802808
409,3.966037631032116,0.03153284858834264
410,3.814489098374995,-0.03794734496775551
411,3.9431746687574507,0.029601977414116368
412,3.937598567449595,0.03296600830255845
413,-3.923993565707586,-0.028220166434075118
414,-4.174233901832729,0.2241671952470701
415,4.088224169539493,0.28707878233330353
416,3.993975927745625,-0.06109768043413248
417,4.1768990594169715,-0.14512277734873516
418,-3.938925375841127,-0.15588165744164553
419,-4.16372956518999,0.07483253289784908
420,4.0244845201989845,-0.04816277218796382
421,4.085764673975917,-0.035338615583003954
422,-3.953201909799122,0.04059820554909873
423,-4.092995141043784,-0.017635045285849152
424,4.18380750138867,0.09062841394585033
425,4.1261125832041925,-0.04114439684342247
426,3.8829023386360455,0.14041192530518357
427,-3.9250575758845687,-0.026844122585249573
428,-3.9120238957748277,0.1793421474455449
429,3.9438115212517286,-0.15325860468759744
430,4.00464488441037,-0.06330640546079168
431,4.228163023631401,-0.09226546806716396
432,-3.8011389447046087,0.05024752485259219
433,3.967483178199838,-0.12911257232714052
434,4.073841202183705,-0.06807659285414863
435,4.233465754634962,0.090827745164842
436,4.041199892958551,-0.05898522621525289
437,-3.9569915662126975,-0.10055336428965295
438,-3.9133947896417984,-0.3128121062030394
439,-3.961714279668888,0.05738704124749196
440,4.06875180869721,-0.16513706204721523
441,-4.193382148406255,0.07706674183894849
442,-4.104479962462442,0.06677003661827485
443,4.086912710437769,0.17624949858141153
444,4.059880889534043,0.0747379319741596
445,3.9320835815623485,-0.12209942731474294
446,-3.9311943031621355,-0.16323641359362434
447,3.7575204825664557,-0.13173777150512647
448,4.037479404046866,-0.1394068250433084
449,-4.052987785573238,-0.05730783589877221
450,3.955055418530351,0.2898434475729483
451,3.830906959502736,-0.2108659504807645
452,-3.9691074616721207,0.09392647344734825
453,-4.274743286612212,0.0037398128067998478
454,4.119799115057399,-0.04904529121949717
455,3.89496404018042,-0.15245177055670273
456,4.230769344591119,-0.07992905048168772
457,-4.034959996644661,0.20845685762420976
458,-3.9556953213055746,0.1260176246429282
459,3.909150297491823,-0.14376499296445464
460,-4.100834450643354,0.04767171441408502
461,4.005189505986707,-0.13954330190530773
462,3.9722366959126822,0.02977492344430931
463,3.8609324132724723,0.14413188709423982
464,-4.070474166381661,0.1910001430211912
465,-3.889086483525183,-0.011961355195222505
466,4.117148716739153,-0.052053824258932575
467,-4.0330717482090455,-0.05426489425762611
468,-4.104551657865644,0.0670660510886664
469,-4.129743153334892,0.08514540297143036
470,4.136123859178043,0.012993537828637446
471,-3.891158384691764,0.17933538114644607
472,3.949752272744953,-0.13585807240818462
473,3.9571374499360688,0.1440551273594335
474,3.9380660491055473,0.20145622684581202
475,-3.9121452826091256,-0.036982432214006794
476,-4.244927198777863,-0.017156218820053762
477,4.074051963631737,-0.06962150247346804
478,-3.805619698241151,0.1839215826308632
479,4.146773889878423,-0.03329669356533868
480,3.9093741582527888,-0.07253429265310461
481,-3.8675585156443515,-0.12186566593677957
482,4.15182114222455,0.05019300166722661
483,-4.067083013968798,-0.04900412357551867
484,-3.866628137914385,-0.14438148797873177
485,3.99695280116171,0.0026235738949993703
486,-4.118252413432143,-0.11065603693353203
487,-3.9949674953074275,0.07018832666855288
488,3.8037922087343423,-0.03364047114880336
489,4.143532704250557,0.04302152828892665
490,3.8668134723842806,-0.038982371377446715
491,4.228219758344546,0.11647573116430301
492,3.9665136336857025,0.1583624307673482
493,4.010220099965893,-0.027253784685042054
494,4.167917466436214,-0.16314384075072133
495,4.03810262566586,-0.059188071335218514
496,-3.9198548538588525,-0.05194012573383232
497,4.162710787494613,-0.1361903338743342
498,4.092859279620359,-0.23022360032563025
499,4.06450596057862,-0.20920423874521712
500,4.1377027902818755,-0.01525382764949481
501,4.197012462846196,0.06827820620520116
502,3.9356114991240334,-0.09603947969508604
503,4.053059597962568,-0.0642641377670174
504,3.9461921467830106,0.17457422779576842
505,4.070503754043806,0.15313920513858142
506,4.025459221354934,-0.039724915412636105
507,3.8537537931805104,-0.1737837859343729
508,-3.973238984158435,-0.11455088715928698
509,-3.808618449432322,0.055373333875921575
510,3.7438218049390946,0.29916949641617047
511,4.240775210099092,-0.0731703754990395
512,-3.646002276536607,0.1624122870897132
513,-4.064430434332956,-0.17743326122599962
514,-3.7362442998392584,-0.032508311608294614
515,3.8954885065755978,-0.15471703810973425
516,3.9491900075212705,-0.15515130811819244
517,-3.8534864023627144,0.16015265090950018
518,-3.8888554490923775,0.01194820244294226
519,-4.092183828022531,0.23359775881639105
520,4.027042350003681,-0.05070313831187229
521,-3.8708656025461288,-0.013672893358994298
522,4.255224928034224,-0.05400910395202298
523,-3.8166811864114822,-0.13515568430661776
524,-3.8375914380534764,0.03704723991123375
525,-4.0776753332103866,0.005677887311358612
526,4.072259982833571,-0.30901114866235196
527,-3.863788264365223,0.14082137416917848
528,4.083410082800956,-0.06272549516353876
529,-4.073932132162853,0.2110568013357922
530,3.679265595833294,0.009594533513181007
531,3.9991606538601117,-0.002497962345452194
532,4.2769141538462545,-0.0308970093158544
533,3.9505095789804447,-0.15473588999839727
534,4.049357615863638,-0.0642476685693977
535,4.021846197563165,-0.13886342286156242
536,4.214760898652462,-0.005443761828201769
537,4.047271453390347,-0.06349031060437822
538,-4.063098569083508,-0.2534934585142811
539,4.195228981842441,-0.35700896954931177
540,3.957458355929458,0.03421138194192436
541,3.9409123801321035,-0.15006900563922684
542,4.153561038938336,0.08488610502538421
543,4.31357896555041,-0.01977660428264417
544,4.255807204174746,-0.0533726717115343
545,4.00434274771197,-0.014202218417348748
546,3.9459614442749222,0.11617441754455995
547,-3.8296569312230164,-0.0116607896212845
548,4.065155785730277,-0.15391845302409984
549,4.16600882915075,0.10106890329213213
550,4.186035212668919,0.06441524288625058
551,-4.054421726289631,0.15219155959429587
552,3.854302229579654,-0.044116862589915075
553,-3.9278186269925004,0.18718835571360387
554,4.02240362002457,-0.024605785594045287
555,3.8643693267598898,-0.037477216282964514
556,3.9444099962838304,0.17009136396114252
557,-4.104427285226149,0.06647644669075926
558,3.9218720814448766,-0.07878052599663782
559,3.8825283091959393,0.19010803078076746
560,4.1785403297189845,-0.18514112419422663
561,4.054661776667576,0.14103880954151254
562,4.023163655435327,0.09266308906301315
563,4.003384434643836,-0.2587317704706553
564,-3.949012481456994,0.03071438135673816
565,4.083249798203205,0.17040630601274837
566,-3.952131258539574,0.29270386330893555
567,3.9962600066095826,0.003624302458739761
568,-4.11947870400633,0.3653850928611545
569,4.375836881889151,0.08712254440837798
570,3.873836826369354,-0.155722586120557
571,-3.792966567524117,-0.10561363425549446
572,-4.009804508991644,-0.20948382601171248
573,3.9901541647834713,0.01388063194934943
574,3.9886535449793272,0.015910999062648506
575,4.1060786620546175,-0.06188275503261939
576,-4.003426068608262,0.03786411646731232
577,3.9050599085734428,0.0070230104241505095
578,4.131519423351289,0.03574446805193228
579,3.9938381788804236,0.1420837443720858
580,-4.139713850415671,-0.11759209636060876
581,4.028371821698276,-0.05193948014874203
582,-3.8567846179888536,0.14251510281274393
583,3.7842240095245785,-0.06224072530444144
584,-4.048065258108814,-0.06403022767455405
585,-3.808852831178314,0.0579644618921403
586,4.077155573163433,0.13531090234134527
587,4.16051082604314,-0.1448180832559813
588,4.018568208595787,0.04892674661432552
589,4.002245805243387,-0.009519757904905463
590,-4.16721339002086,-0.07284370245062148
591,3.9412847483878455,-0.1516516998571052
592,-3.8110550133661674,0.056881630054402624
593,3.8930451624871294,0.23314379603580895
594,3.8745637687916825,-0.028128940249734224
595,3.84040592091956,0.10761086512666032
596,-4.0740930936707365,-0.23596462953430805
597,3.9371181440044665,0.18316662175826282
598,4.012603059756158,-0.03424089721511411
599,-3.872492512937915,-0.11301738914201388
600,4.008585719493281,-0.022206184817705175
601,-3.9276066076414,-0.12716323802593485
602,-4.040510342660275,-0.058387223455297996
603,4.0590790511953285,-0.0658851101596844
604,-3.7921276562988084,-0.24166207197695072
605,4.3492315931743155,-0.020133313619724477
606,3.8865027451125904,0.1684018131465805
607,4.145243871936546,0.0504922764859925
608,4.128441090286948,0.04741190013482835
609,4.137944770073152,-0.012173055849186886
610,-4.032447872608188,0.1407877471862536
611,4.114527445418997,-0.05417623918725062
612,-4.044710451277042,-0.12910536204371703
613,4.231707304471424,-0.25501508913741766
614,3.889359072106819,-0.06673078523164445
615,-3.8718127279257812,-0.013357703928785838
616,-3.8990386031187727,0.1590151745811536
617,-4.102248984830785,0.24895803045788265
618,4.060577684121367,0.16869978874482897
619,3.9433629486707,-0.1347264643651396
620,-4.024961504814991,0.16078190813834375
621,3.779076517925619,0.09747322266098946
622,-4.095329009266186,-0.010379204834912822
623,-3.8462195663700176,0.024482913532888638
624,4.0637470861533895,-0.16581514096585706
625,-3.946230426014736,0.021471633171938873
626,3.848539430781476,0.10161454591783008
627,-3.9201540809614683,-0.15666986665015126
628,-3.9303121932977474,-0.01832070206922268
629,-4.201365656117847,0.19490275002384652
630,-4.122213898460117,-0.1046750405465974
631,-4.024133352288071,0.15634568073940813
632,3.963512010640928,0.032165273165289075
633,-4.0677174027319545,-0.049172744414916494
634,-3.9671063921168552,0.11635025969064641
635,-3.94201199378317,-0.3087768762968065
636,4.0373690974470495,-0.1257387899961572
637,4.015201405385222,0.13958191566446285
638,-3.8781849476223327,-0.020894141644389845
639,4.009833937779511,-0.026349717900272383
640,-4.075232987136149,-0.23488027983697995
641,4.191576800409513,-0.19051137736460919
642,-3.8495948611985518,0.020486928262324344
643,-4.110171692246212,0.07740749858493957
644,3.93810084430354,-0.14994043629228582
645,-3.8759149643242745,-0.024705916472162758
646,-4.064338903061972,-0.05172641434048488
647,-3.97738125980228,-0.1320912977884096
648,4.1319663858468,0.044348662305370656
649,4.206847362494401,0.10649920121584143
650,-3.847344708941638,0.1740188174257964
651,4.133760576463929,0.030972565255343233
652,-3.819960540590877,0.1618628186704569
653,3.906948568169821,0.01429759499270981
654,-3.9911192853932644,-0.1397039240240534
655,4.137660947971724,-0.01571038978937596
656,4.042779995536785,-0.06181576627376491
657,4.274913532909121,-0.0363114157838102
658,4.032536171525992,0.12077566213230523
659,4.179290104502232,0.09233610987940702
660,-3.921768354017363,0.10832312275307293
661,-3.8680993283781615,-0.007723747698319513
662,-4.054349068232948,0.11705598756906857
663,4.196354666600071,0.09882016843528516
664,3.9852435711852165,0.01997341762348735
665,-3.9223623352268295,0.10525234492200868
666,3.9074854952674407,-0.13453507287905417
667,3.8091448809522035,0.09540731503073395
668,4.1925958485781605,0.251585611767132
669,-3.7378682023566894,-0.08592370396765375
670,-3.910120992235597,-0.03678746750399639
671,-3.8236742776914094,0.050443908553264
672,-3.9367228182813734,-0.15865870742043597
673,-4.0796004520532465,-0.3568509569991366
674,3.9019778015054496,0.10617577024702929
675,4.20346428085303,0.10071818197000232
676,3.8606102262535242,-0.1627217900218716
677,4.0299267941509,-0.05277369793080218
678,-4.21010787148937,-0.07544595990996787
679,-4.017414779603994,-0.04498169517892194
680,-4.002908941790465,0.03930363411651705
681,4.137540245195146,0.04292419893141672
682,3.9999410925809133,-0.004134825743097183
683,-4.011982538194335,-0.13587762840097525
684,3.809814770088666,0.0664880633171096
685,-4.014089562957148,0.20221739385515836
686,3.957389884156753,0.15624721564580835
687,-4.203574329801891,-0.08161142089688367
688,-4.026987848093102,-0.047650838019704184
689,3.936593189199438,-0.14683045458949212
690,-4.091857105050005,0.07864970432722679
691,-3.935962123050633,-0.005680250230757206
692,3.8584701543505933,-0.04069758088416835
693,4.008254252715606,-0.023244896394303025
694,4.049982690104397,-0.16299031791931826
695,-3.934964579027569,-0.005288770672188227
696,-3.838636621114825,0.15286435724493547
697,-4.058671624064773,-0.05497292784045699
698,-3.9769906613237125,0.07385382532923594
699,3.8889566880430957,-0.008338914946069035
700,3.7141836144042553,-0.059009571262162955
701,4.3037532818092465,0.02711320749243435
702,3.8224103204146522,-0.0409238915959769
703,4.0697382403484506,0.15194845665671175
704,-4.070979326509002,-0.12022574491674304
705,-4.0591618092132284,0.13963154557468974
706,3.992776429869342,-0.3114330549644405
707,3.9428543920816113,-0.1498367703740818
708,-4.101081055847798,0.05035271769428751
709,3.9048348837787294,0.24079467573483296
710,3.9302546449279037,0.030274325649017726
711,-4.025069681716012,0.04786757818622017
712,-4.21208933377334,-0.07339897408706637
713,-3.852171333064905,-0.14562872346877512
714,4.106374552725683,-0.061725971603599813
715,4.032025148689251,0.1280562694084177
716,4.048580665690004,0.0796960108257743
717,3.8529122273035408,-0.30460946387501703
718,3.904046200582036,0.011062604581621775
719,-3.9905049690436374,-0.11721951157852908
720,-3.9302286892474823,0.315081858309373
721,3.882496416456713,-0.017667991788444873
722,-4.003636180488892,0.03726748310017519
723,-4.169017875464668,0.23862969018528987
724,4.134134027512332,0.02922580739196416
725,-3.841042273483612,0.1540192167286004
726,-3.9095711674430884,-0.1079510269322812
727,3.993754406128316,0.1416636166887819
728,-4.091470010564033,0.03408785280054881
729,4.137624468063707,0.0004491824207636004
730,-3.9702660705854322,0.06606212336868239
731,4.005890473062596,-0.009570094791559566
732,-3.948853816060578,0.029596747957233806
733,4.0997091678638995,0.06141351484332701
734,-3.9908198379495032,0.06258057602657847
735,4.119690064999452,-0.05220893244090911
736,3.9323689216091817,0.11208067522337024
737,3.981558778652797,0.023534211959484505
738,3.6539703138208273,-0.020711066797567016
739,-4.177374430264488,0.0779426178906995
740,4.044253681195956,0.11662681104699664
741,-3.945207426842039,-0.10663570480114976
742,3.927898988397097,-0.03684025310264874
743,4.082912640513701,-0.06755769869251055
744,-3.7014542928208405,0.045547035453928214
745,4.027957043260417,-0.05126894908905425
746,3.947721047965491,0.07690379446691002
747,3.9634064966624294,0.06557655658557228
748,-4.017708152739711,-0.021988971924814114
749,-4.004521453007005,0.0366932801823541
750,4.079082951483581,-0.044184839207768264
751,-4.087045077551832,0.14684571951227376
752,3.9937414978982337,0.008222943095469913
753,3.926563865583353,-0.14945434826090828
754,-4.091252300711591,-0.021703477831104375
755,3.977698463143453,-0.1745917452546426
756,4.028115239744529,-0.045865439789473064
757,4.080604382848354,-0.06301234091262013
758,3.917566763565029,0.015746186063888997
759,4.049876752546818,-0.052766362934100364
760,3.8351902624451855,0.0900103057942726
761,-3.9427738611968963,0.026585999797869686
762,-4.025079723276889,-0.04326223455902134
763,-4.086664930369484,-0.029039128004497997
764,3.8912259413193184,-0.06848756191504896
765,-3.8516107058435036,-0.28689876825005733
766,-4.132773919572433,0.08532056959468357
767,-4.224967986622028,-0.05954572628474204
768,-3.818780204959185,0.053728463402679894
769,4.0236250285979,-0.046571415830332884
770,-4.015106929740763,0.1938394075807817
771,-3.7941121590402576,-0.09489605396489263
772,4.088812308416267,-0.18075727397764038
773,3.8055433912788725,0.12226460610926915
774,3.9433113004821525,0.031200269908814915
775,-4.019810660891968,0.112048407008638
776,-4.008424328420886,0.021366089513491105
777,-3.749130496535429,-0.08638642537648286
778,3.9922772289682795,-0.19142801257181977
779,3.897080771950046,-0.12974212631694748
780,-3.713342330484832,0.05988902723866774
781,-3.614679544146195,-0.03107372770440751
782,-4.034184424468798,-0.06173448827410653
783,-3.8257693716038395,0.04869680953347709
784,3.9739190044047072,0.31122529136791477
785,-3.9329785309284317,0.037450163459929395
786,-3.980820691664577,0.06757724300879683
787,-4.136771936482589,0.04638157172833546
788,-3.840764051168315,0.15302528770852783
789,3.7900175507334164,-0.06771553092754942
790,-3.9092087654701038,-0.03308418836064367
791,-3.999574681135203,0.04741480847344816
792,3.8379217398915797,0.022236768076643047
793,-3.9672242626919285,0.23897258047353745
794,-3.929537838825402,-0.01952069158644311
795,3.692558126749384,-0.21048818643329104
796,-3.9066500603185492,-0.037720308963448426
797,4.091382137953009,0.17911446934330819
798,-3.9456933198081754,0.029926313563817187
799,4.066621250455758,-0.1933081906019543
800,4.080135427801696,0.08137720739347755
801,-4.131864589038615,-0.15728752269664145
802,-4.099022755898492,0.008425278889620445
803,3.9003637513057745,-0.1457941819348803
804,3.7013508138468354,-0.11126594923100677
805,-4.00322505284353,0.040154610667157344
806,4.086776654534424,-0.188515958615705
807,3.778692014968372,-0.021217014466294527
808,-3.878872016011709,0.33464063943202554
809,-4.0660839887794005,-0.05041203342684639
810,-4.016227156460266,-0.012834535013354579
811,-3.950723830948316,0.03400123445057704
812,-4.001378751772609,0.03380198148725733
813,-4.181307863498274,-0.1109126430016563
814,4.057568502866292,-0.06194960997896741
815,3.893049388778166,-0.014364621293818776
816,4.006744169551964,-0.01983728978319701
817,-4.196479004492751,-0.0708741011082494
818,4.130765132335409,-0.037812294927715456
819,4.1046159522904055,-0.06263453429472368
820,3.824648810528073,-0.042917932305456305
821,3.885005195496314,-0.31497622551223886
822,4.131188701876851,0.04150263124699465
823,4.0928510052107665,-0.06059458262334152
824,-3.935575360990073,0.12927652306689535
825,-4.001620282378336,0.19595540218562216
826,-3.8004062430968357,-0.09522756558792582
827,3.7673738717656553,0.042441647456692023
828,3.843959923854215,0.1325131994113743
829,4.00224176801327,0.07556614890653747
830,3.9564889418283604,0.03441366553183536
831,4.017282466899858,-0.038979562846866156
832,4.077217877280267,0.08211358137740662
833,4.183777829955637,0.0014102890816125278
834,3.8365171012262476,0.09145881139358329
835,-4.137452731461822,0.08284296223266745
836,4.212474444166654,-0.1372441004460257
837,4.067060322964577,-0.06921153849739123
838,3.9846591327948637,0.020590754425328935
839,3.900491941596872,0.0675809974448146
840,3.9934464248487074,0.1465697456644203
841,4.133256381844895,0.01597404515862377
842,-3.8566826830517296,-0.13625419785189516
843,3.9660550817848974,0.12635455909331858
844,-4.151960676012028,0.08285143931199171
845,-4.020162894141424,-0.12480760156287028
846,-3.819651681985107,0.03976855089311454
847,3.9849720660260317,0.02026110310276705
848,-4.099463237146336,0.013804313671676754
849,-4.019648783121321,-0.029393208165488356
850,3.9490079833549663,0.1450639361770143
851,3.875053279881734,-0.02752860508033368
852,4.124744385048671,-0.03795917381539747
853,4.144046333270666,0.2568180534266899
854,3.9283212134077896,0.12507974879191563
855,-3.9193101065865306,-0.03300431461007128
856,-4.016076188661668,-0.07288159187216336
857,-3.9406251781188746,0.197463382164827
858,3.8763673378060517,-0.035755924540043754
859,3.8172368156737924,-0.03892449415561938
860,4.036997336314113,0.11068053605638897
861,-3.9066271477739933,-0.14829215528246315
862,4.028742652785157,-0.05227729109052833
863,-4.019429611201175,-0.010165142876364993
864,-3.9644665256935974,0.16517046373440916
865,-4.01910718046694,-0.11489844009850286
866,-3.8570551989225126,0.00827610100778942
867,4.096517495800121,0.28327806338630385
868,-4.253013200427117,0.0373254336519729
869,-3.872162220857114,0.19988715046638975
870,3.9836803396684393,0.021311579744481605
871,-4.0608674666201034,-0.10808919453551234
872,3.969639400727517,0.029230777352731958
873,4.010757991244475,0.13463131792365474
874,-3.779418066805263,0.06483255225860893
875,-3.985386103941558,0.16190313317099614
876,-4.031275632665323,-0.05321614948516007
877,4.123743178557373,-0.04802787917473063
878,-3.89743415144484,-0.120782644524071
879,4.012864172309706,-0.03220677233932673
880,3.9559293137035483,0.06627039945930685
881,3.9803754252503194,-0.1774680241251293
882,-4.074684480697857,-0.04771346831748516
883,-3.865312518646886,-0.005109675842342554
884,-4.267459715422573,0.21304466693759475
885,4.0597410518099135,0.14272018822499555
886,3.9505463583602776,0.14314204752940732
887,-4.0154590126924825,0.19887028080624458
888,3.9548301550762255,0.009218572496980815
889,3.847041335265859,-0.04353816184902559
890,-3.944006366693913,0.015074913275430325
891,-3.8597488539730676,0.14161348428029702
892,4.098958970472948,-0.06512588368196415
893,-3.9633177805815536,0.0610494384934329
894,3.935573210753535,0.027166828781684405
895,-4.086223276821324,-0.040395300552203674
896,3.9594059985979606,0.004445325414625573
897,3.8423106624671597,0.15048386229442362
898,4.0064081709704125,0.12346903381541813
899,-4.063080917378237,-0.04970257768605946
900,-4.097975963357951,0.0008871728895360267
901,-4.00057763193398,0.046377670482696615
902,-3.971220082517814,0.06649636727519431
903,4.001622980764853,-0.10129931940515446
904,4.134100230205093,0.027371224663956625
905,4.221695548089749,0.08874932255118885
906,3.8098238833454525,-0.2638001191552303
907,4.207478054654644,-0.1178222074430189
908,-4.092821909804855,0.19220105309531682
909,4.042180393408933,-0.06118716725255346
910,3.9960359775603096,0.11443608015526004
911,-3.982193848374638,0.065398322704587
912,-3.9955360728042386,-0.1837971285894226
913,-4.018627738269976,-0.025943455350481655
914,-3.820423362088351,0.052649508919499
915,3.973046366459124,0.0329627468786593
916,4.1056836604221365,-0.061979256071830136
917,-3.825381317600741,0.044786899795495924
918,-4.074696436995396,-0.04559375976470631
919,3.962808130765289,0.03314370180734541
920,4.216597656347244,-0.09458699754388422
921,3.9089640329017517,-0.1535537323499938
922,-4.036223083169695,0.16350199388365372
923,3.9829204606679443,-0.33016833072571955
924,4.077389802855284,-0.06955420860140797
925,4.116896353375042,-0.054668290202157035
926,4.008991848905442,0.14036928816691213
927,-3.7990082807672905,-0.11856873994221745
928,3.839882054227222,-0.04367269951266809
929,-4.1140993374747605,-0.12631426472002144
930,-3.8198766648439046,0.16564128154953006
931,3.973832185087785,0.1029212152520499
932,3.9794678701479493,-0.17138747116419767
933,-3.9926859421122294,0.14621027756033889
934,-4.051445522141686,0.3204331634800889
935,-4.052910644723946,0.15267498142429214
936,-4.112239787499134,0.07834378746500024
937,-3.954256486790554,0.12431426111989943
938,-3.9385804761898537,0.00027214649067437355
939,-4.183238278017252,0.07574091582995193
940,-4.045562228714146,-0.24782659018072886
941,4.109001601849373,-0.07825810381109123
942,4.012124569006163,-0.005977256665148804
943,3.845804078939092,0.21625856758616424
944,4.191273195100145,-0.11512430802078893
945,-4.036136089906375,-0.12805063305899086
946,4.016896861175754,0.13807962089799153
947,-4.197259087750876,-0.0848971503712781
948,-4.021900783831717,0.16223587411150625
949,3.8335982570816114,-0.043274529929402804
950,3.9846100602837153,-0.1833664286727888
951,3.775459591086632,0.021960363676612093
952,-3.983008553096035,-0.11599321217694095
953,4.023546427361917,-0.15828544997443256
954,4.076551669031523,0.10926785300048733
955,-4.028829255410715,-0.0508365636897214
956,4.120611684831809,-0.21762718299678624
957,4.231102192485839,-0.0884594623630115
958,-4.090250814784035,-0.022859953604239452
959,3.9989936505059522,-0.0018499936825004115
960,3.8202358097134708,0.12276729265774723
961,-3.94535693491767,0.01880094904529434
962,3.888880120403226,-0.06514564208357762
963,-4.050352407062154,0.0434804580653978
964,3.926082554304134,-0.12175224546052484
965,-4.0786171770811155,-0.03760344956903974
966,3.9799447574424116,0.02435190091946961
967,-4.014474666415497,-0.16789629656370425
968,3.8164280090460525,0.11020322668749369
969,-4.173194713574533,0.14709335076065397
970,-3.86144132604617,0.0026098521879046183
971,4.175656069685652,-0.2087917594300125
972,-4.181847152170472,-0.20028511302181667
973,4.162570364957837,0.03372557610149245
974,3.9077038026576063,0.002451960920407441
975,3.9436896489401163,0.03631239092506232
976,4.0580084753382994,-0.06097035688710102
977,3.9147635004042454,-0.06377179801825765
978,-4.248725120623175,-0.259500195784939
979,-3.8171228978352483,0.21036042468602756
980,4.005752065202611,-0.014187796685992453
981,4.237508344864929,-0.07923379721238391
982,-4.2200724329155115,-0.006317603118436602
983,-4.256594140757487,0.06667709941617399
984,-3.9282565388604183,-0.08692414694030087
985,-3.9027496667834263,-0.14996340496324784
986,3.9529837569828388,0.032877658997852485
987,4.131632055328224,0.017489757115907563
988,-3.978162711783134,-0.1383104926849638
989,-3.9698075155651886,-0.23129561993704278
990,-4.016849826458029,-0.05166921487412693
991,4.142876561968577,0.04665890536159309
992,-4.1133041578512,0.07957740033140846
993,3.9049405996237696,-0.09039724427767715
994,-4.099944175510021,0.02190324982222764
995,-3.9752616569417305,0.11046371734028018
996,-3.931820009049796,0.14167799899609093
997,4.1179640563046185,0.020361817926025025
998,-3.9621002800518785,0.061406469526219976
999,-3.950558136356472,-0.011519239407892026
