,0,1
0,-3.7856367,-0.2623652
1,4.2165194,-0.28857327
2,3.8797603,0.16186388
3,4.187497,0.12533768
4,-4.067069,0.011505309
5,4.2431526,-0.11927023
6,3.7466016,-0.04544206
7,-4.241768,-0.20226362
8,-4.2749944,0.30392793
9,4.244494,-0.004816359
10,3.732151,0.07292669
11,4.2953167,-0.07178296
12,-4.213285,-0.22967118
13,-3.9704273,0.048478484
14,4.095983,0.19873075
15,-3.6582298,0.11813618
16,-3.8721921,0.048678946
17,-4.2228303,0.14581189
18,-3.8759725,-0.15281476
19,3.7942405,0.14638627
20,3.9227436,0.2396143
21,-4.003625,-0.14774454
22,4.273987,0.1319259
23,-4.066867,-0.31671244
24,4.0016775,-0.026055643
25,3.917668,0.028388783
26,-3.9312186,0.22095045
27,4.312552,-0.018154373
28,-4.0245223,-0.13325992
29,-4.0201097,-0.1639554
30,3.9948606,-0.14716303
31,4.2346992,0.23139118
32,-3.795283,-0.012873856
33,4.250621,0.08086711
34,-3.9018164,-0.10361421
35,-3.8271737,0.10537045
36,3.904173,-0.16021042
37,-3.9363472,-0.017010579
38,4.1917605,-0.005993262
39,3.9749997,0.044736154
40,-3.7483842,0.08306669
41,3.8481536,0.1825925
42,4.1025205,-0.04963632
43,3.720128,-0.035516262
44,-4.022344,0.023323195
45,4.3290286,-0.114662014
46,3.9064476,0.1520176
47,4.144703,-0.066678785
48,-3.9393806,-0.018906493
49,-3.9775808,-0.13720529
50,-3.8585627,0.015454498
51,-4.061823,0.059468143
52,-4.000817,-0.09670487
53,-3.9237182,0.14593394
54,-4.014226,-0.44701517
55,3.8469415,-0.21724297
56,-3.8791332,-0.20054185
57,-3.7497199,-0.15194567
58,4.180805,0.118565276
59,-3.9470499,-0.12348999
60,-4.211989,0.23117717
61,3.9190629,0.14928067
62,-4.1329093,0.043239113
63,4.0656333,0.08434869
64,4.3774314,0.4118831
65,4.1833043,-0.17590125
66,-3.9295936,0.011700023
67,3.8204544,-0.110552564
68,-3.9912002,0.39423373
69,-4.229286,-0.12029699
70,3.8472254,-0.35289988
71,-4.0312815,-0.02995388
72,4.067294,-0.09648636
73,4.287283,-0.077563986
74,-3.9162328,-0.18422934
75,-3.9384408,-0.021260127
76,-3.9316792,-0.1360819
77,3.9559348,-0.0026011018
78,4.0039597,-0.15390502
79,4.199948,0.09777681
80,-4.1773167,0.104349464
81,-4.0025563,-0.15597709
82,-3.9381392,-0.018334929
83,-3.9359627,-0.016532432
84,-3.7592788,0.22304131
85,3.8880615,0.26696008
86,-3.7084947,0.17862302
87,4.10582,-0.044823676
88,4.1914883,-0.22444528
89,-4.1331716,0.14506592
90,3.9039888,0.08667725
91,-3.8834996,-0.31303447
92,4.223045,-0.026419178
93,4.1957417,0.018569266
94,-3.6062822,0.06296233
95,3.9987278,-0.05097343
96,3.9105372,-0.09645721
97,-4.134553,0.00831865
98,3.9677267,0.109228715
99,3.9892097,0.020813173
100,-3.9228468,-0.14455199
101,4.0172896,-0.11346815
102,3.7987332,0.103070915
103,3.9510186,0.17420928
104,3.786386,0.16507214
105,3.915579,0.15946521
106,-4.196826,-0.11817474
107,3.7928674,-0.16357055
108,-3.902136,0.18599081
109,-4.007102,-0.2855632
110,4.10069,-0.13889053
111,-4.2343397,0.006622471
112,4.199138,-0.08574121
113,4.0135884,-0.4935648
114,3.784885,0.052521747
115,3.7013216,-0.33154503
116,-4.0681953,-0.05335088
117,3.947359,-0.012693167
118,4.030808,-0.037647117
119,-4.0191813,-0.023711925
120,4.148312,-0.11076668
121,3.9003394,-0.05447742
122,3.8011444,-0.046392042
123,4.10034,0.12769273
124,-3.9269698,0.036192063
125,-4.0129976,-0.004000733
126,-3.7741652,0.15506984
127,-4.073105,-0.061998308
128,3.9316337,-0.0020310082
129,3.8294284,0.06453368
130,3.9465785,0.12610205
131,-3.9118137,-0.14923315
132,-4.1354356,-0.0065591377
133,-3.9340045,-0.13859566
134,4.297333,0.3227003
135,-4.0499964,-0.097720206
136,-3.7362916,0.025172263
137,4.0828395,0.100290164
138,3.843472,0.085393056
139,-4.4060555,0.27172044
140,-3.8861096,-0.20887554
141,3.9240334,-0.08347573
142,-3.825732,0.27929413
143,-4.149107,-0.17584388
144,-3.7760098,-0.04867674
145,4.065988,0.07279292
146,3.7293324,-0.006691523
147,3.900364,-0.060269807
148,-4.267238,-0.21292208
149,-4.062118,0.11357839
150,-4.143142,-0.15573885
151,-4.0664415,-0.05445576
152,4.189446,-0.071764514
153,-4.0686965,0.04050012
154,4.153969,0.16344886
155,-3.8825543,0.19496791
156,3.7674785,0.2650463
157,4.1097274,0.12357231
158,3.9831154,-0.2195431
159,3.9173918,0.029709624
160,-3.7335808,-0.0678031
161,4.0290914,-0.2322566
162,3.7905955,0.1889141
163,-3.9870887,-0.11672858
164,-4.142375,-0.46521255
165,4.208903,-0.04579101
166,4.099814,0.043498404
167,-4.1754093,0.015033553
168,-4.039529,0.12677194
169,-4.0884585,-0.2256742
170,4.2685313,-0.27982607
171,4.1496253,-0.21891983
172,3.7372012,-0.2487254
173,3.9646392,-0.008234494
174,-3.7983525,-0.07595949
175,3.8310976,0.056849714
176,4.074983,-0.027575321
177,4.225995,-0.33932292
178,-4.2400565,0.16234219
179,-3.973434,0.09365629
180,-3.9326985,0.22391582
181,-3.9782808,-0.32310328
182,-4.288968,-0.20180564
183,4.06683,0.16645615
184,-3.98032,0.034800977
185,-3.9139788,-0.16296457
186,3.9652665,0.24205089
187,-3.7049117,0.22531715
188,4.230725,0.24446625
189,-4.218114,0.06486619
190,4.0186996,-0.21028507
191,-4.0906973,-0.2537585
192,-3.9893599,-0.0695415
193,4.185464,-0.010095555
194,-3.7877932,-0.19402339
195,3.739455,0.037847072
196,-3.8824525,-0.0897971
197,3.973596,0.07181477
198,4.133497,0.20230012
199,3.9571023,-0.16999373
200,3.7297144,-0.008049645
201,-4.1556807,-0.33401388
202,-3.6766086,-0.0053154198
203,-3.9732914,0.20006873
204,-4.0259557,0.14280586
205,4.0088735,0.1552826
206,4.09778,0.12988615
207,-4.1515527,0.16684182
208,4.017419,-0.018877337
209,4.205755,0.15521316
210,4.0763426,-0.15443175
211,-4.1626105,-0.016168114
212,-4.0344715,0.024596749
213,-3.9083781,-0.19871397
214,-4.142174,-0.15620825
215,-4.4097195,0.08676159
216,3.807272,-0.02806244
217,3.922464,0.31651253
218,3.7324657,0.21638134
219,-3.9868343,0.12601228
220,3.813658,0.100928575
221,-3.9495106,-0.07644691
222,4.2462735,-0.06401443
223,4.067595,0.2745962
224,-4.049622,-0.04130253
225,4.2908154,-0.16069637
226,-4.0243955,-0.0593238
227,-3.8498313,0.012596014
228,-3.7156985,0.024798255
229,-4.0412374,0.010343607
230,-3.8074458,-0.08246794
231,3.8220732,0.036167514
232,4.141013,-0.026026385
233,4.018175,0.3064061
234,-3.9865146,-0.05298151
235,3.7653682,-0.08410059
236,-4.0705976,-0.026109373
237,-4.0197263,0.26057187
238,3.9399354,-0.011275387
239,-3.6539407,0.3064352
240,4.156433,-0.27622104
241,-3.8334897,-0.057209935
242,-3.8296385,-0.33115548
243,-3.998367,-0.23039031
244,3.9205422,0.11478176
245,-3.9532955,-0.2432935
246,3.9891071,0.029805414
247,-4.093463,-0.36848018
248,3.8171237,0.01590832
249,-3.909339,0.06769676
250,4.0735145,-0.110110655
251,4.058606,-0.02507348
252,-4.0635366,0.12807313
253,4.0433054,0.36118692
254,-3.9454565,-0.2463858
255,-3.747753,-0.18382886
256,3.966229,-0.04530913
257,4.147214,-0.28794685
258,-3.883634,-0.24705908
259,4.050101,0.51089066
260,-4.1729274,0.0057481346
261,-3.866355,-0.25043097
262,-3.9334433,-0.011948301
263,3.955085,0.1519052
264,3.9850276,-0.15896596
265,-3.6749685,-0.0031224021
266,-4.1354675,0.026846262
267,3.930296,0.12356505
268,4.0393376,-0.19329187
269,-3.940427,-0.1378666
270,-3.783632,0.05748931
271,-3.9631524,0.23676182
272,3.9485214,-0.15762642
273,-3.9623206,0.1257257
274,-4.299849,-0.119658
275,-3.9565957,-0.049004767
276,3.9153063,-0.20033437
277,4.219651,-0.013013424
278,-4.2582626,-0.42119774
279,-4.1906147,-0.18182686
280,-3.79997,0.068713844
281,3.8893487,0.07049767
282,-4.1389523,0.04526043
283,4.114155,-0.26332033
284,3.9655726,-0.09101903
285,-3.6711214,0.17209762
286,4.2159557,-0.20993985
287,4.1398425,0.14671527
288,4.0308347,0.056407887
289,3.7752535,0.24695794
290,4.191252,0.049574014
291,3.999918,-0.073994055
292,3.7181032,0.034106653
293,4.256668,-0.25147003
294,-3.9773123,0.32553163
295,3.9783614,0.02348724
296,-4.164074,0.09207955
297,3.8338833,0.06270689
298,4.2617908,-0.13020843
299,-4.054673,-0.014053878
300,-3.9612112,-0.033110637
301,-4.144826,-0.016162792
302,4.2261596,0.31156182
303,4.012635,-0.027799517
304,4.209092,-0.13637
305,4.09534,0.004092734
306,-3.9881768,-0.006819361
307,4.139028,-0.046961106
308,3.9067361,-0.025285805
309,-3.9901183,-0.014227302
310,4.122996,0.19365947
311,-4.3572907,-0.2741954
312,-4.382685,-0.053615894
313,-3.9609737,-0.05579194
314,-3.9116747,0.060669087
315,-3.5816061,0.00033953934
316,4.0524526,-0.10849588
317,3.9471364,0.2246001
318,3.9636707,0.2549344
319,4.2423024,0.08254683
320,-3.75099,0.06351587
321,-3.9235978,0.36489913
322,3.846191,0.07248884
323,-3.9166653,0.41206416
324,4.187534,-0.33780205
325,-3.9778333,-0.2588416
326,4.0190454,-0.13184036
327,-4.11258,0.38811663
328,-4.034485,-0.10175846
329,-3.9495506,-0.015148434
330,-3.9421356,0.12146183
331,4.2508545,0.22478701
332,-4.054908,0.34327453
333,-4.1731443,-0.14239664
334,-4.033167,-0.26277152
335,-4.052056,0.21466458
336,4.1969247,0.05095117
337,4.1151376,-0.18820249
338,-3.959626,-0.071499035
339,4.1400404,0.13354383
340,-4.0077024,-0.20671816
341,3.747478,0.2569778
342,-3.9544778,-0.046609633
343,3.6772492,-0.14826585
344,3.8872323,0.06551338
345,4.07747,-0.033709638
346,4.0327454,0.08382291
347,-3.7276242,0.202455
348,3.9096522,-0.15618755
349,4.316887,0.37706885
350,-3.8617063,0.16011603
351,4.018617,-0.19350837
352,4.239773,0.3232128
353,-4.069629,-0.02974619
354,3.9271502,-0.4041132
355,3.909408,-0.07353039
356,-3.7320833,-0.14024007
357,4.266041,0.11833925
358,-4.059005,0.23858501
359,-3.8373985,-0.37381464
360,4.151476,0.011434841
361,3.9193988,0.08644396
362,-3.854358,0.06628934
363,-3.89823,0.2982273
364,4.2413816,0.040359937
365,4.0498037,0.032566857
366,3.998209,-0.04015734
367,4.195494,0.059823804
368,3.9694588,-0.10531539
369,3.937656,-0.0058090077
370,3.9400637,-0.16523954
371,-4.193709,0.17125618
372,4.0084276,-0.024985
373,3.9807918,-0.13442804
374,-4.131836,-0.09872709
375,4.175473,0.2210748
376,3.8979974,0.06630556
377,4.133799,0.0043019215
378,3.8673007,0.056221183
379,-4.1394315,-0.3197778
380,-4.0025334,-0.12152924
381,-3.9131892,-0.24588844
382,3.8445377,-0.14341854
383,3.9908414,0.10668851
384,-4.1793027,0.17620029
385,3.9830132,0.08885531
386,3.8105867,0.023385402
387,4.237403,-0.09036858
388,4.0730634,-0.11525102
389,3.890772,-0.020921733
390,3.8747277,0.15175983
391,3.7629063,0.16821872
392,-4.0457478,0.03032215
393,-3.965099,-0.0143954195
394,-3.893694,-0.35227334
395,-3.957411,-0.15000069
396,3.901226,0.21047667
397,-3.8327384,0.17905626
398,-4.089949,-0.063191436
399,3.9109814,-0.25465444
400,3.8743804,-0.2685296
401,3.8933184,0.09880834
402,-4.1699767,0.09991579
403,4.2873287,-0.03394206
404,3.9140468,0.06189866
405,-4.014151,0.3447057
406,-4.206548,0.16823001
407,4.2380085,-0.15717438
408,4.2096095,0.101291455
409,-4.0860233,0.2876222
410,3.758813,-0.07398362
411,3.7767286,-0.31396407
412,4.013089,-0.066583574
413,-3.9042928,0.07513105
414,3.949547,-0.14734928
415,-4.301524,-0.39597088
416,4.200941,0.02843666
417,3.7790537,-0.06940143
418,4.0856843,-0.11687403
419,4.050333,0.07829389
420,-4.1598434,-0.050025567
421,4.062385,0.00335
422,-4.214732,-0.17894113
423,-4.169018,0.034757417
424,3.9647057,-0.12321206
425,-3.8202696,-0.21618538
426,-3.6948438,-0.26747626
427,3.7628217,0.33502105
428,3.7910028,-0.11963749
429,4.1683393,-0.17648488
430,4.113665,-0.21108653
431,-4.043034,-0.033329286
432,3.8010683,-0.04089833
433,-4.0712895,-0.0792471
434,3.822709,0.05514412
435,-3.8883116,-0.20392992
436,4.000273,0.1440656
437,-4.346746,-0.17126736
438,-4.2623987,0.09636825
439,-4.11878,0.19978352
440,-4.0354834,0.10896248
441,3.9859107,-0.104395136
442,-3.6856592,-0.11603244
443,-4.210353,-0.13724189
444,-3.951601,-0.038326383
445,-4.170011,0.21391417
446,3.9536526,-0.24569899
447,3.9542613,-0.002112171
448,4.184039,-0.21647444
449,-3.8649092,-0.12671342
450,4.2293615,-0.04027854
451,-4.1912584,-0.11841165
452,3.9124787,-0.1755048
453,3.9353192,-0.23189914
454,3.8081818,-0.032673225
455,-3.9214568,0.03639256
456,-3.8599954,0.049740747
457,-4.035915,-0.00095910457
458,4.1895766,0.03778129
459,4.028862,-0.12362751
460,-3.906297,0.26898566
461,-3.8319287,-0.053449083
462,4.2091537,-0.011315841
463,-4.1971545,-0.08492826
464,-3.6848385,-0.057136938
465,-4.184139,0.13536452
466,4.331658,-0.17358983
467,3.9921298,-0.06597946
468,4.2256255,-0.19796146
469,-3.9806418,-0.13177426
470,-4.1999216,0.16065966
471,-3.9471588,0.35740918
472,-3.7123764,-0.07134218
473,-3.768267,-0.33149755
474,4.0963163,-0.09059685
475,4.176088,0.058945626
476,-3.8783367,-0.08452136
477,-4.276074,-0.17345333
478,-4.0598874,0.3113192
479,3.6120458,-0.17411788
480,4.2314587,-0.1957796
481,-3.7567408,0.049830116
482,-3.9613233,0.37482762
483,-3.8254063,0.122109815
484,3.9314694,-0.35944432
485,3.9682875,0.0030818256
486,4.1858897,-0.06120508
487,-3.6900368,0.17622526
488,3.812412,-0.17560136
489,4.064665,-0.008457601
490,3.8903692,-0.024213785
491,-3.9197092,0.041972775
492,-3.8259447,-0.20194975
493,4.1646137,0.044387393
494,4.1823363,-0.016638914
495,4.2327313,-0.10598988
496,4.120995,-0.05956653
497,3.977102,-0.066556685
498,3.9985597,-0.028870158
499,4.216978,-0.022451792
500,-4.132451,-0.15650222
501,-4.1275296,-0.102645926
502,-4.0215635,-0.13246737
503,-3.9788191,0.09872469
504,-3.9182742,0.14966474
505,-3.873319,0.015061998
506,4.040795,-0.016969401
507,-3.9142537,0.16887058
508,-3.7836084,0.05746224
509,3.869311,-0.2347804
510,3.8949943,-0.09656839
511,-4.0547504,0.2797457
512,-3.6533005,0.21507892
513,4.0590353,0.16564275
514,-4.0641093,-0.08602806
515,-4.0928493,-0.05102427
516,3.9655504,0.0003822373
517,-3.9812963,-0.07298534
518,3.872609,0.2927408
519,-4.031185,0.11952756
520,3.9693506,-0.010135045
521,3.907241,-0.18983819
522,-4.1772714,-0.1399324
523,-3.813378,-0.23249939
524,3.824343,-0.18631381
525,-3.9246423,0.04149932
526,-4.1009893,-0.1777139
527,-4.168132,-0.07113755
528,-4.1450486,0.03188144
529,-3.8030803,-0.50301814
530,3.902663,-0.26156384
531,-3.7341,-0.041039344
532,3.9596794,-0.27363932
533,-3.935955,-0.29029915
534,4.227067,-0.07661843
535,4.1426415,0.0036634263
536,3.7116892,-0.12640618
537,-4.1666346,0.06758777
538,-3.8655028,0.4543082
539,-4.1574607,0.0058211144
540,4.196829,0.06053762
541,-3.723917,0.037609197
542,-3.6689682,-0.03783475
543,-3.821635,-0.27033535
544,-3.8703985,0.14577624
545,-4.051451,-0.042583086
546,3.7831318,0.1494051
547,-4.173615,-0.28735688
548,-4.1668863,0.055809744
549,-4.19361,-0.3014069
550,-4.0653596,-0.01077022
551,-4.0396724,0.15925562
552,4.0521927,-0.012811485
553,-4.1877265,0.07782835
554,4.2002234,-0.17129199
555,-3.6140766,-0.1289166
556,-4.0024233,-0.09971832
557,3.5977278,-0.058127668
558,4.187474,0.08441831
559,-4.1405764,0.024567276
560,-3.943728,-0.1114115
561,4.1795774,0.14261395
562,-4.0494905,0.17362571
563,-3.8808532,0.029487908
564,4.1699786,0.09948378
565,-4.071582,0.13747007
566,4.3062925,-0.0039711613
567,4.0832243,0.11112652
568,-3.8488631,-0.023086945
569,3.8677385,-0.23850775
570,3.967435,0.2618829
571,-3.9377093,-0.35502824
572,3.8895056,-0.09400149
573,4.2335815,0.11619312
574,3.855121,-0.047852147
575,-4.0474467,-0.26436886
576,-3.897434,-0.18381917
577,-3.9490895,-0.019723639
578,-3.8850262,-0.28984392
579,3.8593264,0.23767868
580,4.107105,0.2309123
581,-3.7802014,-0.17521353
582,3.952421,-0.1666777
583,4.071764,-0.32828137
584,3.8887503,0.1193397
585,-4.0924344,-0.08598786
586,-3.9130023,-0.34476596
587,4.0029855,-0.0784881
588,4.2047353,0.060101826
589,-4.0927963,-0.17651728
590,-3.961323,-0.1834704
591,-3.6682193,-0.058788903
592,-4.1685176,0.13684042
593,3.7816985,0.053729128
594,3.8492277,-0.1506354
595,-3.9347205,-0.15190794
596,4.227698,0.022211732
597,3.983781,0.2958577
598,-4.218329,-0.1864838
599,4.2440004,-0.038425405
600,3.9739656,0.22955254
601,-3.8328664,0.22368774
602,3.8092697,-0.021180104
603,3.8374705,-0.24497762
604,-4.2370744,0.27088347
605,-3.9522595,-0.025200171
606,-4.2255344,-0.07995432
607,3.9802375,0.006720622
608,3.9733727,0.23397553
609,4.177791,-0.10480146
610,4.182951,-0.05700072
611,-4.098794,-0.046610516
612,4.212488,0.20913176
613,-3.8988566,0.11774668
614,4.0572696,0.0010616295
615,-3.8931062,-0.24829961
616,4.1158667,0.066892594
617,-4.221239,0.2340165
618,3.6481676,-0.014149613
619,-4.052707,-0.12052396
620,4.2228665,-0.03347125
621,-4.1786256,0.1459832
622,-4.0374784,-0.05111864
623,-3.8064053,0.21750948
624,-3.7578285,-0.14219898
625,-4.0924954,-0.17217453
626,4.077543,0.11003313
627,-3.695409,0.09748941
628,4.07421,-0.015389996
629,3.9593296,-0.029223712
630,3.9741461,-0.0034058827
631,3.9002404,0.10345898
632,-4.2066665,-0.04898068
633,-3.725378,-0.12566553
634,-4.157792,-0.06161861
635,-4.095679,-0.16018035
636,-3.9273713,0.0343556
637,4.3204803,0.04447603
638,4.0361743,0.123244785
639,4.033241,-0.25338697
640,4.4288344,-0.015458145
641,-3.7290697,-0.02702306
642,3.9840763,-0.29277325
643,3.9366586,0.29020345
644,-4.294016,-0.04742983
645,-4.1771383,-0.21657503
646,4.0091844,-0.028876385
647,-4.2148438,-0.36957148
648,-4.206454,-0.2065551
649,-3.9656565,-0.0681397
650,4.05968,0.009750337
651,3.9757488,-0.030588895
652,-3.9897366,-0.023427146
653,-3.9907427,-0.14639086
654,4.0149503,0.07376474
655,-3.9116461,0.017000578
656,-3.7871544,-0.05591008
657,3.8277304,-0.25230274
658,3.802653,-0.04688261
659,3.8263247,-0.3372692
660,3.950617,0.011271666
661,-3.950837,-0.04485178
662,-4.0328827,-0.26697126
663,3.9707363,0.08941623
664,4.0525565,-0.04042317
665,4.0414476,-0.18172255
666,-3.9545672,-0.17010354
667,-4.281376,-0.14605218
668,-3.7428873,-0.22262669
669,-3.9595027,-0.053269647
670,3.818949,0.019944193
671,-4.0781183,-0.0768686
672,3.7849362,-0.050382413
673,3.9401345,-0.086082056
674,3.854878,0.061078444
675,-4.1926713,-0.10759377
676,-4.4317813,0.01005058
677,4.2286334,0.12711658
678,4.1965985,-0.21400382
679,-4.1504602,0.21978736
680,4.089756,0.035165343
681,3.9456072,-0.004741444
682,-3.7921886,-0.08135626
683,4.2225227,-0.26910153
684,-3.975709,-0.23130886
685,4.1941743,-0.08499788
686,4.1075144,0.015085797
687,4.062531,0.14512303
688,-3.9376516,-0.08803958
689,4.191822,-0.029800704
690,3.8660283,-0.025369694
691,-4.030375,-0.042040877
692,3.9320087,-0.19393507
693,-4.120639,0.12853418
694,3.7482715,-0.047854677
695,-4.2200875,0.06639771
696,-3.9803905,-0.019726614
697,4.1476207,0.21001771
698,4.210277,0.11768603
699,4.0335355,0.16783257
700,-4.218287,0.18800919
701,-4.083074,-0.011577132
702,-3.7731922,0.08385932
703,-4.0181894,0.2653909
704,-4.1646924,-0.056195304
705,3.7915418,-0.17494951
706,-4.2748446,0.38705033
707,-3.9177113,0.06460965
708,-3.8779638,0.03965523
709,-3.9573867,0.20662682
710,3.8492746,-0.10833643
711,4.243939,0.19047719
712,3.9185686,0.12208157
713,3.9975126,-0.05561517
714,-3.951628,0.2759762
715,-3.9935267,-0.18998218
716,-4.347612,-0.0687011
717,-4.0946226,0.09160829
718,4.103525,0.27267033
719,-3.7550344,0.061619703
720,4.154391,-0.33151293
721,4.0220733,-0.11126255
722,-4.1194305,-0.20853473
723,3.8215659,0.04915209
724,-4.000192,-0.17265935
725,3.9590306,-0.23368143
726,-3.7161143,-0.16707042
727,3.9175773,0.10274194
728,4.072667,0.14990433
729,-4.1910343,0.21988165
730,-4.1039195,-0.14705235
731,-3.9860432,-0.12631564
732,-4.018126,0.47470215
733,-4.1712317,0.06739095
734,4.2368093,-0.0982036
735,-3.9201405,-0.083312936
736,3.7767725,-0.08445249
737,3.722514,0.01700497
738,4.007759,0.2451878
739,-4.002002,-0.11553523
740,-3.871524,-0.21050985
741,-3.6583078,0.02149538
742,-3.8682594,0.12775242
743,4.1747403,0.05522673
744,-3.837845,-0.38395488
745,3.9271717,-0.2847558
746,-4.169773,0.06451067
747,-3.7366965,0.12674005
748,-3.7426655,-0.23956402
749,3.789406,-0.16360871
750,-4.182793,0.116685376
751,4.1912494,0.009645078
752,-3.8917544,0.061248012
753,4.1871996,0.15860711
754,3.977056,-0.1835775
755,-3.937838,0.039608672
756,-3.8826687,0.1702126
757,-3.9583967,0.12540492
758,4.466797,0.06439203
759,-4.0998135,0.12717485
760,-3.8284676,0.18742757
761,-3.8886402,0.29298213
762,3.6886249,-0.11619336
763,-4.1072335,0.09042428
764,4.2292695,0.1424456
765,-4.1588316,0.02137082
766,4.0485034,-0.26903832
767,-3.7231271,0.24990731
768,-3.7537909,0.22336143
769,-4.013125,-0.13193294
770,-4.2969174,0.16301556
771,-4.059306,-0.0264153
772,-3.9735975,0.018099511
773,-4.163417,0.01872648
774,-4.1116343,0.026609095
775,3.7982962,-0.1213848
776,-4.0176926,-0.03555054
777,3.8398466,0.07510818
778,4.06433,0.18240094
779,3.82118,0.04944748
780,3.887237,0.06678696
781,3.8433805,0.0757557
782,-3.9938061,-0.12585844
783,3.8557508,0.023109494
784,-4.0229673,0.2829089
785,4.0350733,0.29505366
786,-3.6472569,-0.043765854
787,3.7499993,-0.06263396
788,4.1928,0.23337473
789,-3.9546397,0.10932449
790,-4.140968,0.17763105
791,4.0175476,0.04402254
792,4.0621257,-0.10372886
793,4.151196,0.19017214
794,3.9802544,-0.44830135
795,3.82186,0.19377643
796,4.243956,0.21778513
797,3.9905193,0.10685828
798,4.020261,0.052482016
799,4.0884595,-0.31095466
800,3.840576,0.06795266
801,4.037163,0.07030338
802,3.8542433,-0.07589452
803,4.1026816,-0.09541829
804,3.7799675,-0.059941735
805,4.110451,0.007822822
806,3.9815753,-0.4044574
807,-3.7037551,0.12047228
808,-3.8964248,0.07598247
809,3.9057992,0.061667632
810,-3.9858499,0.43404773
811,-3.8842554,0.17689966
812,3.8874469,0.06706219
813,-4.153745,0.15417568
814,-3.9938912,0.12613945
815,4.0359693,0.0568722
816,-3.9429317,-0.23890017
817,4.090654,0.04404935
818,-4.046656,0.081080295
819,-3.9057708,0.03895245
820,3.7417395,-0.030133698
821,3.790803,0.20362927
822,-3.9162714,-0.19400643
823,-3.9614217,0.50176525
824,-3.7274702,0.36646777
825,-4.230531,0.25999147
826,3.8533669,0.039930742
827,3.8955476,-0.079037875
828,3.7854943,0.35796762
829,3.8361433,0.16480997
830,-3.901287,-0.17682534
831,-4.2042704,0.16350578
832,-3.7266102,-0.58728564
833,-4.097484,0.1426862
834,-3.764039,0.27631834
835,3.9199822,0.04464523
836,4.1550765,0.08530839
837,3.7924156,0.17563649
838,-4.091297,0.2835079
839,4.1176066,0.14215091
840,-3.9991786,0.15722735
841,-4.0207367,-0.09422664
842,-3.9794388,0.1607704
843,3.7703798,0.11217881
844,4.2431116,-0.08240864
845,4.1676254,0.11214068
846,4.2326617,0.1884614
847,-3.9763615,0.066561125
848,-3.8380427,-0.22773325
849,-3.9954805,-0.1982889
850,4.0629907,-0.20961149
851,3.840114,-0.14075185
852,3.7799876,-0.060145494
853,4.4104524,0.01203729
854,-3.951557,-0.03348291
855,-3.7266839,-0.12649864
856,3.4623013,-0.19276978
857,-3.965087,-0.049016736
858,3.7310054,-0.013665477
859,-3.7674987,-0.009039057
860,3.654081,-0.09615091
861,3.9318798,0.12272413
862,-4.2650757,-0.1618486
863,-4.1412616,-0.09980587
864,4.1333113,0.019941095
865,-4.2080293,-0.10698605
866,-4.097936,-0.082532376
867,-3.9462202,0.19603805
868,3.9983387,-0.12970603
869,-4.0569525,0.06592461
870,-3.8518744,-0.1733797
871,-3.6406033,0.15539041
872,3.9173436,-0.09899998
873,-4.1888223,-0.11484305
874,4.140957,-0.3264764
875,-3.820818,-0.12537304
876,-3.916387,-0.089666024
877,4.2332077,0.15499811
878,-3.706116,0.031788997
879,4.1220427,-0.411595
880,-4.0726304,-0.045496758
881,-4.1626973,0.17106843
882,-4.183255,0.003046948
883,-3.831711,0.101621516
884,-4.3780937,0.13768739
885,4.0407457,0.27229047
886,3.9919214,-0.4538926
887,-3.9848905,0.27196378
888,3.9469638,0.295808
889,-4.104034,-0.09928622
890,3.9545276,0.19638588
891,4.2274256,0.17258468
892,-4.3200703,-0.23983945
893,3.8990557,0.064559445
894,3.885835,0.21179871
895,-4.0306945,0.2238944
896,3.9412568,-0.17668526
897,-3.8522959,0.11176642
898,-3.613552,0.1957956
899,-4.036959,0.32177687
900,-4.3406405,0.22815509
901,4.088711,-0.19124144
902,3.6790462,-0.12124034
903,-4.079685,0.057042707
904,-4.0251427,0.17156792
905,-4.261261,0.06050761
906,4.0194397,0.22290725
907,-3.883755,-0.23984969
908,4.1896453,-0.088029295
909,3.7991776,0.14477694
910,3.7375703,0.21409523
911,-3.881141,0.054206528
912,-4.0182886,-0.15883149
913,-4.0477962,0.19400448
914,-3.9885113,-0.28341758
915,-4.1735225,0.040236037
916,4.1814013,0.07475436
917,-4.1022487,0.0013313638
918,-3.9043338,-0.2025502
919,3.7743676,0.16328642
920,4.051826,-0.16343485
921,4.020141,0.060536668
922,4.0396314,-0.09011517
923,-3.9051733,-0.28296196
924,3.7564046,-0.06464585
925,4.0591426,0.21955429
926,-4.0712686,-0.1653358
927,3.6799328,-0.100033514
928,-4.045815,0.106706426
929,3.9339623,0.25751147
930,-4.159605,0.019433409
931,-4.2225146,-0.16039495
932,-4.070912,-0.10528476
933,-3.915064,0.046453223
934,-4.1974425,0.24640271
935,-4.195918,0.250648
936,3.9097455,0.047919348
937,4.1630373,0.00700883
938,-4.01926,0.074205965
939,3.9047568,-0.15310235
940,3.842913,0.17874889
941,4.033225,0.3343325
942,-3.7220643,-0.15378226
943,-3.8244486,-0.15541399
944,3.8238816,0.05875137
945,4.0427036,0.071281016
946,-4.035135,0.4369693
947,-3.8132575,0.09903441
948,3.9892197,0.03909594
949,-4.0784016,0.20349896
950,4.0718617,0.0003759383
951,4.0686917,0.08753909
952,4.2248163,0.1832839
953,-4.0677943,0.053749677
954,-3.9693053,0.3558682
955,-4.1523886,0.1427901
956,-4.0442767,-0.15745816
957,4.0010023,-0.0022775608
958,3.875429,-0.12835804
959,-3.9657245,0.24863294
960,3.9602137,0.002355456
961,4.1824923,0.11560305
962,-3.973936,-0.08039766
963,3.9250998,0.004356754
964,-4.1269455,0.32292557
965,-4.159592,-0.11031631
966,-4.1622767,0.009568692
967,-3.9505858,-0.36820725
968,3.8049083,-0.036413513
969,4.3520412,0.09643262
970,4.2288117,0.21859366
971,-4.168206,0.11041128
972,-3.9765692,-0.07380582
973,4.1247587,-0.27767807
974,-3.7202854,0.031591326
975,3.7192092,0.021648787
976,-4.1216497,-0.03906957
977,-3.8160481,0.09889234
978,3.9506867,-0.07206585
979,-3.9493093,-0.081721865
980,-4.1200104,0.12501967
981,-4.2805233,-0.17348853
982,-3.9897985,0.31287384
983,-4.0040026,-0.23481815
984,-3.983178,0.49183363
985,-3.9578705,0.2529921
986,-3.965393,-0.26278406
987,-4.1067863,0.06655567
988,-4.336005,0.13046566
989,4.032182,0.07215006
990,-4.046289,-0.18627946
991,3.9013069,0.007332472
992,-4.0597887,0.33943382
993,-3.9910343,0.24942337
994,-4.02016,-0.003720605
995,-3.9309711,-0.10975029
996,4.069401,0.0923674
997,-3.9671898,-0.09946796
998,-4.1893525,0.15670608
999,4.2288785,0.23395075
1000,4.083638,-0.24524334
1001,4.0307474,-0.21795547
1002,3.939088,-0.010503396
1003,-3.7061377,0.055759113
1004,-3.809609,-0.18354188
1005,4.0594063,-0.065653086
1006,3.8012743,-0.042340763
1007,4.367029,0.06475896
1008,-4.03968,0.25822845
1009,4.160889,0.12975238
1010,-4.231055,-0.33074895
1011,-3.646876,-0.04211452
1012,-3.7608674,0.040737096
1013,-4.157792,-0.03600914
1014,4.0215297,-0.16284233
1015,-3.8028178,0.12061052
1016,3.8100219,0.10867947
1017,-3.9370408,-0.010471691
1018,4.3754487,0.041783452
1019,-4.253931,0.33827078
1020,4.232936,0.235363
1021,-4.027067,-0.13551074
1022,-3.8553696,0.006517068
1023,-3.7582312,0.042081427
1024,4.0227375,0.22523054
1025,3.7219715,0.01992879
1026,4.098054,0.1655023
1027,-4.082399,-0.099911
1028,-4.0462523,0.2838475
1029,-3.7517703,-0.10617567
1030,-3.9265122,-0.07808192
1031,-3.8277104,-0.05560594
1032,-4.00242,-0.1564676
1033,4.0440226,-0.42315322
1034,4.054331,-0.348926
1035,4.198941,-0.06618966
1036,-4.104738,0.09991172
1037,-3.922342,-0.20744455
1038,-4.164893,0.006602515
1039,3.875053,-0.18040301
1040,4.0494213,0.2883182
1041,-3.9873774,0.0012603749
1042,3.8225732,0.2206844
1043,3.9513416,-0.22711815
1044,3.8357887,0.19011948
1045,4.03114,0.09830601
1046,3.9476936,-0.0062113144
1047,4.496637,0.015948897
1048,-3.968944,0.22711521
1049,3.7367828,0.38757706
1050,3.869541,0.054811455
1051,3.994933,-0.3111612
1052,3.923841,0.17214407
1053,-4.0540967,-0.0013314062
1054,4.074872,0.010534341
1055,3.9605756,-0.098643504
1056,-4.2093654,-0.22540167
1057,4.082969,0.23429804
1058,-4.168468,-0.05404925
1059,4.105758,-0.03884705
1060,-3.6639524,0.008535041
1061,-3.7087255,0.025694935
1062,-3.8866143,-0.1909676
1063,-4.0222464,-0.25332025
1064,3.9636629,0.16491856
1065,3.7824283,0.11337723
1066,3.7803278,-0.055092655
1067,4.231561,0.10411556
1068,3.9574914,0.025724016
1069,4.127024,0.097675286
1070,-4.045157,-0.026427574
1071,3.9071035,0.033501964
1072,3.8254082,0.11217454
1073,-3.8009589,-0.2796888
1074,3.73463,-0.042563368
1075,-4.2202454,0.14891139
1076,3.9065669,0.1700573
1077,3.9911523,0.057065815
1078,-3.7952843,-0.3130074
1079,3.71832,0.037520926
1080,4.0308976,-0.16720808
1081,4.021166,-0.0023297307
1082,-3.794738,-0.07519889
1083,3.6247823,0.077514395
1084,-4.0841846,-0.103166625
1085,3.8234942,0.058911778
1086,4.1830626,0.17036785
1087,-3.980068,-0.019274576
1088,-3.650243,-0.09712782
1089,3.7090645,-0.15201625
1090,-4.016531,-0.12561552
1091,4.1940775,0.030547949
1092,-4.147094,0.16031754
1093,4.203961,0.089022234
1094,4.2137685,-0.16117845
1095,-3.935109,-0.012367847
1096,-4.019591,-0.021226803
1097,-4.0196667,0.01654273
1098,-3.797792,-0.15641993
1099,-3.938009,0.048475362
1100,3.9586742,-0.27688727
1101,4.169899,0.13456549
1102,-3.8686492,0.05491448
1103,4.318762,0.079670645
1104,3.9924448,-0.1271557
1105,3.8906503,-0.22761628
1106,3.9240723,-0.07118803
1107,-3.8975399,-0.28612196
1108,-4.058982,-0.1994196
1109,-3.9000287,-0.29741383
1110,-4.183014,-0.1437871
1111,4.1984806,0.114324845
1112,-3.6871042,0.16728944
1113,3.972459,-0.05297394
1114,4.147838,0.15287207
1115,-3.986647,0.087796316
1116,3.7893493,-0.10735431
1117,3.9116871,-0.17051993
1118,-4.0418453,-0.090207174
1119,3.7438688,-0.037517633
1120,3.833373,-0.1918831
1121,3.8664453,0.14338386
1122,-3.7690077,0.1319853
1123,4.0993595,0.21953815
1124,3.8731415,0.13927715
1125,3.963416,0.40101498
1126,3.8280418,0.06169188
1127,4.1845813,-0.03910326
1128,4.213513,0.15074342
1129,-4.125386,-0.0342245
1130,4.0323935,-0.08852
1131,-3.784174,-0.0643972
1132,-3.6490774,0.19881289
1133,-4.1764765,0.00995642
1134,3.9125104,0.22541372
1135,4.18882,-0.21470162
1136,-4.150449,-0.22025049
1137,4.06208,0.11855281
1138,3.8743682,-0.39545667
1139,4.1738057,-0.11352006
1140,-3.7285256,-0.08156219
1141,-4.03311,0.1623159
1142,-4.056415,-0.07680044
1143,-3.85177,0.06348643
1144,3.9124973,-0.125497
1145,3.7793088,-0.054778665
1146,-4.278176,-0.05356695
1147,3.6699681,-0.12178664
1148,3.8945422,-0.22066347
1149,4.0016,0.010688082
1150,4.0522175,0.17138815
1151,4.1304646,-0.293577
1152,3.813291,-0.33075476
1153,-4.0471478,-0.051413156
1154,-4.126594,-0.13216762
1155,4.113577,0.023244524
1156,4.2213397,-0.073176
1157,-4.0824533,0.09035634
1158,4.2765408,0.358058
1159,-4.172951,0.1209894
1160,-3.8921697,-0.19638148
1161,-4.080986,-0.08842712
1162,4.2767167,0.32750583
1163,-3.9254584,0.013760482
1164,4.0834727,0.18128999
1165,3.9831219,0.089916684
1166,-3.9546998,0.152715
1167,4.145116,-0.22377822
1168,3.8619406,0.14475161
1169,3.8141122,0.19333348
1170,-4.190331,0.20260388
1171,-4.1732984,0.096306615
1172,4.052554,0.11799784
1173,-3.7743447,-0.0815448
1174,-4.239854,0.044437382
1175,-3.841674,-0.020040488
1176,3.9479,-0.17458878
1177,3.9730902,0.35438225
1178,-4.1434107,0.10819299
1179,-4.07147,-0.10421901
1180,-4.0971293,-0.018183451
1181,3.8136046,-0.27742654
1182,-4.0333962,0.09623252
1183,-4.220776,0.18661578
1184,-3.7535868,-0.52489704
1185,3.7377162,0.10604335
1186,-3.666496,-0.008191123
1187,4.106229,0.28428096
1188,3.9126897,0.04449004
1189,4.109084,0.0666573
1190,4.0997024,0.2092436
1191,3.9358957,-0.23013544
1192,3.8194408,0.030851334
1193,-4.2987895,0.16284493
1194,4.110157,0.06574299
1195,-4.1680236,0.0017452937
1196,-3.952479,-0.04150908
1197,-4.036011,0.3581035
1198,3.9006436,0.06297567
1199,3.904173,0.11140775
1200,4.023869,0.33006346
1201,-4.0003386,0.072363116
1202,-3.8892288,0.15582573
1203,3.980796,-0.13271834
1204,-4.1844296,-0.107975595
1205,-3.9441304,0.11381366
1206,3.949468,0.0063139503
1207,-4.178329,-0.27445927
1208,3.9978235,0.14231426
1209,4.0594335,0.10484273
1210,3.8010025,0.2869216
1211,3.9712665,-0.060457032
1212,-4.100237,-0.17037255
1213,-4.007565,0.08188611
1214,4.008152,-0.0075766705
1215,4.0427384,-0.16390084
1216,4.0888824,-0.13638502
1217,-4.1244726,0.015228906
1218,3.8780587,0.05884419
1219,-3.7076654,0.344731
1220,-3.915121,-0.25015464
1221,3.9321115,0.25354496
1222,4.0107102,0.29489487
1223,4.1339135,-0.0128411865
1224,-3.6482573,-0.1568319
1225,-4.1484966,-0.08968679
1226,4.0932775,0.17246692
1227,-4.1484056,-0.13567863
1228,-3.9449146,0.31617188
1229,-3.7782497,0.1248694
1230,4.1351457,-0.26920852
1231,3.817265,-0.21569614
1232,-3.9722376,-0.06717848
1233,-3.9517348,-0.07179331
1234,3.8785856,-0.2908155
1235,-3.96342,-0.058013123
1236,4.0290346,0.08606644
1237,-4.214255,0.0926974
1238,-3.8193638,-0.07082683
1239,-3.9653304,0.25003412
1240,-4.2664857,-0.11598165
1241,3.8506525,0.06765851
1242,-3.9298594,0.08713578
1243,-4.1448245,0.23481095
1244,-3.8062704,0.35760856
1245,-4.303585,-0.16948983
1246,4.2315326,-0.17114514
1247,4.054499,-0.19512044
1248,-4.1687646,0.032507528
1249,-3.9654791,0.14744456
1250,3.807353,-0.16320115
1251,4.00898,-0.08816135
1252,-4.2245555,0.07394645
1253,-3.8344588,0.08120134
1254,4.0194087,-0.15390761
1255,-4.0410395,-0.10619629
1256,-3.9423807,-0.111110345
1257,3.9169247,-0.25906646
1258,3.9272306,-0.04177771
1259,-3.7170284,0.024915967
1260,-3.829216,-0.055630784
1261,3.8565426,0.062829286
1262,-4.2100496,0.20292376
1263,-4.311638,0.24331042
1264,-3.9468248,-0.15434629
1265,3.9123375,-0.165397
1266,-3.9702086,0.2985385
1267,4.0043373,0.25722483
1268,3.73908,-0.03991256
1269,4.373883,-0.13215801
1270,3.9943228,-0.20566082
1271,-3.6705863,-0.041473467
1272,3.992575,0.108366124
1273,-3.835472,0.15884192
1274,3.903227,0.067448534
1275,-4.06614,-0.08093344
1276,3.9960504,0.13525707
1277,3.96674,0.22759742
1278,3.9082656,0.06239848
1279,-3.9677958,-0.17548642
1280,-4.01785,-0.14255716
1281,3.8529418,0.08239745
1282,-4.305066,0.09360955
1283,-4.0109706,0.009517989
1284,-4.1339607,-0.05294484
1285,4.0278783,0.060123928
1286,-3.645561,-0.023209376
1287,-3.899435,0.14235307
1288,3.9095912,0.21914996
1289,3.8038778,-0.20361161
1290,3.7859647,-0.1228666
1291,-3.758973,0.17478548
1292,-3.8641095,0.070322044
1293,3.8027744,-0.1496586
1294,-3.9017704,-0.2993819
1295,4.0075097,-0.09340166
1296,-3.9125006,0.36278278
1297,3.9737766,-0.22273767
1298,-3.9268162,-0.045447014
1299,-4.1020722,-0.14397521
1300,-3.842917,0.10478742
1301,4.0094647,-0.10049169
1302,-3.859181,0.061307203
1303,-4.1698704,0.023485972
1304,3.942099,-0.074689575
1305,4.036124,-0.14178056
1306,3.6887405,-0.13575403
1307,-3.847573,0.11363743
1308,-4.191828,-0.120841704
1309,4.0815024,0.0020137557
1310,-3.9477012,0.03265555
1311,-4.02367,-0.20911883
1312,4.2408895,0.31793696
1313,-4.1267986,-0.07757241
1314,-3.9906898,-0.13000372
1315,-4.2317543,0.08054238
1316,-3.9555886,-0.19468512
1317,3.966135,0.088952765
1318,-4.1093535,0.024757985
1319,3.984297,-0.11662736
1320,-3.9062057,-0.06134889
1321,-3.967816,0.13449971
1322,-3.7029378,-0.058701403
1323,-4.016867,0.046021182
1324,3.754805,0.13088991
1325,-4.1984763,0.1369042
1326,-3.848456,0.057975546
1327,-4.2912307,-0.21700367
1328,-4.160997,-0.03544825
1329,-4.1660256,0.11371712
1330,-3.758529,0.039652307
1331,4.2533197,-0.01654338
1332,-3.8826566,-0.044755965
1333,-4.1885533,-0.13548319
1334,-4.096264,0.048665114
1335,4.2080297,0.06667515
1336,3.9178796,-0.14430025
1337,-4.1709065,-0.3142528
1338,-4.0131707,-0.025322363
1339,-3.962278,-0.33334014
1340,3.8298173,0.12606458
1341,-3.989842,-0.0003161659
1342,4.245582,0.32242745
1343,-3.929667,0.009520359
1344,4.1638017,-0.23594311
1345,-4.004692,0.47554815
1346,-3.9775121,-0.019340148
1347,-4.110084,-0.0071715284
1348,4.2862244,-0.56224155
1349,-4.15281,-0.2820518
1350,4.1733255,-0.05239778
1351,4.1368937,0.2421361
1352,-3.7143068,0.037603073
1353,3.730375,-0.17880589
1354,4.1414285,0.01523132
1355,4.065828,0.2779456
1356,3.8202853,0.15194675
1357,-3.971965,-0.15199724
1358,4.0212173,-0.020554222
1359,4.01172,-0.09487705
1360,-3.858407,0.051599164
1361,-4.112834,0.2994011
1362,3.9787154,-0.2262739
1363,3.9254904,-0.11123008
1364,3.9926865,0.23178329
1365,-3.858452,-0.08597907
1366,4.0423126,-0.14031334
1367,-4.0171227,0.021657187
1368,-3.9436717,-0.41629738
1369,4.1041965,0.16156505
1370,-3.8054557,0.058426976
1371,-4.0907526,-0.12499341
1372,-4.1146817,0.1943718
1373,-4.291474,-0.2980996
1374,-4.123289,0.23228
1375,-4.0426936,0.08909624
1376,4.0693107,0.02782027
1377,4.048316,-0.15465684
1378,4.135054,0.0243682
1379,-4.114451,-0.10429255
1380,4.1951804,0.010290331
1381,-3.7507424,-0.09802397
1382,4.1651525,-0.15783325
1383,3.7990725,-0.21294174
1384,-3.8486233,-0.17285518
1385,4.0612183,-0.08131485
1386,3.905155,-0.095125236
1387,3.985939,-0.06967299
1388,3.8964357,-0.19421996
1389,-3.810835,0.14457558
1390,4.1303916,0.067089446
1391,4.1749377,-0.0609436
1392,4.275399,-0.18117115
1393,3.620711,0.018725924
1394,4.0886755,0.10137487
1395,4.068609,0.19773659
1396,-3.9550157,-0.2543403
1397,4.403355,0.47399953
1398,3.9527473,0.01995301
1399,-3.6049535,-0.12108546
1400,-4.185657,0.050323978
1401,4.1500106,-0.12719455
1402,3.986753,-0.103532225
1403,4.0462646,-0.21188441
1404,-4.230827,0.20573646
1405,3.8496897,-0.10908438
1406,-3.764338,0.2958627
1407,4.2354865,0.15153643
1408,3.6087377,0.100492775
1409,-4.180813,0.18619016
1410,-3.922587,-0.13133362
1411,-3.8994808,0.046817727
1412,-3.9761198,-0.009042803
1413,-4.242599,0.036002085
1414,-4.024397,0.2966635
1415,4.0480237,0.37475494
1416,4.2075176,0.024761356
1417,-4.2251945,-0.28139237
1418,-3.8805885,0.013247639
1419,-4.0857267,0.088871956
1420,-3.9353392,-0.20544934
1421,-4.1801686,0.04673308
1422,-4.1855187,-0.26880363
1423,3.8409214,0.25518543
1424,4.015955,-0.02873834
1425,4.24336,0.23196812
1426,3.9218335,0.17928934
1427,4.0510564,-0.20449938
1428,-3.9480157,-0.015875282
1429,3.9679177,0.06809569
1430,-3.9960008,0.12935342
1431,-4.159456,0.034425035
1432,-4.0669026,-0.113235645
1433,-4.204149,0.20304702
1434,-4.075454,0.07630718
1435,4.0976925,0.09837675
1436,-3.9533908,0.20222719
1437,-3.9975426,0.16691543
1438,-3.7934413,0.26291293
1439,-4.0689425,-0.023895731
1440,4.224475,-0.089510925
1441,-4.2782507,0.29693443
1442,4.2221,0.09068702
1443,-3.930369,-0.011994464
1444,3.719859,0.03456533
1445,4.196671,-0.00071080675
1446,-3.6657202,-0.052270766
1447,-3.8291621,-0.12724558
1448,-3.9328146,0.20170021
1449,-3.8694067,-0.2832025
1450,4.062505,0.030846147
1451,4.0361233,-0.07484233
1452,-3.7389047,-0.062185645
1453,-3.997779,0.24074925
1454,3.7972026,-0.05826166
1455,-4.047046,-0.008882015
1456,-4.017146,-0.17024438
1457,3.8915691,0.070706
1458,-3.8156857,-0.19016822
1459,3.9527807,0.31684127
1460,3.917113,0.047703315
1461,3.8683517,-0.29437053
1462,3.9501028,0.10541641
1463,-4.1395226,-0.23059599
1464,-4.18751,-0.13911885
1465,3.89099,0.4231391
1466,3.9763694,-0.09009209
1467,3.7950704,-0.011624441
1468,4.076275,-0.36779866
1469,4.1105494,0.21104279
1470,4.249308,-0.055059996
1471,-3.9246457,0.20762739
1472,3.73929,-0.19520871
1473,4.3430963,0.043718163
1474,4.025853,0.50771743
1475,4.052091,-0.1300259
1476,4.069256,0.005993651
1477,-4.1098485,0.11164236
1478,4.2640505,-0.14215529
1479,-3.9264445,-0.20130876
1480,4.0037355,0.613412
1481,4.0034475,-0.057095293
1482,3.7896948,0.41259742
1483,-4.112421,0.08253821
1484,4.108461,-0.047336865
1485,-3.9102843,-0.32308748
1486,-4.0130906,-0.123234786
1487,-4.0319505,0.28521648
1488,3.963276,0.08011307
1489,4.1566706,0.041270524
1490,-4.0251803,0.004378939
1491,-4.0891867,-0.09873515
1492,-3.9707537,-0.21599482
1493,-4.1912546,-0.15557688
1494,3.8052511,-0.037937257
1495,-4.0084777,-0.13277912
1496,-4.2006617,-0.10930383
1497,3.8295014,0.13079868
1498,4.078772,-0.11841398
1499,-4.287677,0.10503169
1500,-4.1523705,-0.02807357
1501,-3.855617,-0.009024485
1502,-4.0462837,-0.008164217
1503,4.2484117,-0.03222302
1504,4.2749557,-0.14273909
1505,3.8867836,-0.18466975
1506,3.8508809,0.16715567
1507,-4.0086904,0.016905105
1508,-3.9383984,-0.018295402
1509,-3.8219802,0.18039021
1510,-4.104717,-0.02382849
1511,4.1991606,0.024841994
1512,3.904607,-0.13212463
1513,-3.7802238,0.05734813
1514,-4.1892066,-0.31109688
1515,-4.1720233,0.05003692
1516,-3.9498005,-0.20778793
1517,4.24233,-0.048457798
1518,-3.9045641,-0.19110829
1519,-4.1563115,0.10902567
1520,3.9477682,-0.012363714
1521,4.26881,0.31559205
1522,-4.3792553,0.06061524
1523,-3.64365,0.14434516
1524,4.204682,-0.08756567
1525,-3.8310783,0.10215835
1526,4.1657643,0.10081286
1527,4.1143126,0.12492274
1528,-3.7971048,0.187479
1529,-3.6759639,-0.015118925
1530,3.9935687,0.025552046
1531,4.038515,0.2143094
1532,-4.0415306,-0.10298218
1533,3.8195562,0.3851139
1534,4.1611314,-0.10398405
1535,3.7814686,-0.0571793
1536,-3.9944425,0.38985628
1537,4.3200316,0.07360185
1538,-3.8573294,-0.26583308
1539,4.1930676,-0.0005944474
1540,-3.8487585,-0.20737123
1541,4.210781,0.02628819
1542,4.183593,-0.2426963
1543,-3.8460116,-0.40413463
1544,-3.6749573,-0.06523185
1545,3.8082583,0.19931296
1546,3.846948,-0.10974582
1547,-4.114345,-0.08520441
1548,-3.7385015,-0.17530762
1549,-3.8578012,0.053172905
1550,3.9453032,0.25938264
1551,-4.0244246,0.0836459
1552,4.0425467,-0.015360884
1553,-4.1775,0.18354726
1554,-4.0902324,0.036023743
1555,3.9737394,-0.14404334
1556,4.350665,-0.270206
1557,4.0660677,-0.14732787
1558,-3.9390066,0.09710518
1559,-3.967739,-0.20511727
1560,3.8845763,0.17932098
1561,-4.085231,0.2705113
1562,-4.0320334,0.19958177
1563,-4.1592216,-0.25803736
1564,-3.9419584,-0.19655356
1565,-4.035991,0.2654956
1566,-3.8958352,0.0589074
1567,3.638474,0.1673703
1568,-4.2004285,-0.00035148466
1569,3.9055324,-0.012754686
1570,-3.929652,0.20006481
1571,-4.046266,-0.029019734
1572,-3.7269168,-0.11708461
1573,-3.9811904,-0.082478166
1574,-3.9892364,-0.22802466
1575,-4.1572647,-0.0626604
1576,4.0726886,-0.15341829
1577,4.1892977,0.14292209
1578,3.7889278,-0.21292491
1579,-4.1194715,0.01701445
1580,-4.1435633,-0.16944687
1581,4.0479875,-0.3176676
1582,-3.8502302,0.17777003
1583,-3.8709183,0.12521899
1584,3.7438037,-0.03833387
1585,-3.8640914,-0.29793355
1586,4.1814685,-0.06440851
1587,-3.664255,0.016624974
1588,3.9206274,0.038233057
1589,-4.215308,0.079914525
1590,-4.1503606,-0.24249808
1591,-3.9842582,-0.19808772
1592,3.7670267,0.21989305
1593,3.9058845,0.062177565
1594,-3.980125,0.10625193
1595,-3.915212,0.050776746
1596,4.134998,0.041180316
1597,-4.1450567,0.034812808
1598,4.0739284,-0.18919235
1599,-3.9701347,-0.054055694
1600,3.9973605,-0.027611554
1601,4.148126,-0.26012915
1602,3.9447052,0.10331595
1603,3.859959,-0.17678837
1604,4.051609,0.11893442
1605,-3.8412607,0.08316423
1606,3.8737438,0.06639079
1607,4.1883054,0.011224055
1608,-4.299786,-0.31766683
1609,-3.7717164,0.18003772
1610,4.2495484,-0.17360532
1611,-3.893965,0.05262257
1612,-4.0965233,-0.2024179
1613,3.941274,0.17447622
1614,-3.8977835,0.25105953
1615,-3.6605186,0.14678697
1616,3.7900946,-0.037123132
1617,-4.1675243,-0.06789968
1618,3.777832,-0.08166292
1619,-4.043249,-0.22876829
1620,-3.7879016,0.060266
1621,-3.8697808,0.05375812
1622,3.894536,0.06447756
1623,-4.077199,-0.05820795
1624,-4.021429,0.09549656
1625,-3.9381747,0.0801848
1626,-4.012966,-0.09477636
1627,-3.9482036,0.06636419
1628,3.9944003,0.0089048995
1629,3.8865619,0.116761565
1630,-3.936261,-0.02054532
1631,-4.144062,0.20017895
1632,3.6789527,-0.11378184
1633,-3.9146795,0.24115647
1634,3.7171524,-0.07374361
1635,-4.0750966,0.03977928
1636,-3.9585466,0.091594525
1637,-4.3037915,-0.05845623
1638,-4.089488,0.09354806
1639,-3.8187044,0.32592756
1640,4.172016,-0.21795644
1641,-4.18471,-0.014194183
1642,3.767312,0.21713036
1643,-3.9818192,-0.027151546
1644,-4.2106094,-0.24422261
1645,-4.1749682,-0.26665264
1646,3.938426,-0.3113208
1647,4.1923285,-0.01653223
1648,-4.055887,-0.010622429
1649,-4.093833,-0.030465549
1650,4.1029563,0.09042671
1651,3.6035473,0.05196937
1652,3.9475126,0.17351274
1653,-4.1900864,0.17083123
1654,-4.128058,0.13986069
1655,-3.9917915,0.20374638
1656,4.0153604,0.10300031
1657,-3.7488022,0.13698067
1658,-3.8671706,0.065077975
1659,4.0956535,0.38345206
1660,-3.8329217,-0.13047245
1661,-4.153877,-0.19069032
1662,-4.1600432,0.01216886
1663,4.0102787,-0.10028665
1664,-3.7303,-0.090699956
1665,-3.9830117,-0.050416373
1666,-3.9676137,-0.06100261
1667,-4.1724634,0.11945286
1668,-3.7288923,0.021353297
1669,-3.6907818,0.04614089
1670,3.990282,-0.019744601
1671,-4.1680984,-0.5110772
1672,3.749949,-0.07963026
1673,-4.1436324,0.041831113
1674,4.0198445,0.024522847
1675,4.189476,0.060218003
1676,4.0007257,-0.028523872
1677,3.7447677,-0.04085012
1678,-4.1574607,0.013414388
1679,4.1307096,-0.032897163
1680,-3.8916512,0.016784899
1681,4.154597,-0.27370104
1682,3.9952798,0.040762477
1683,4.0183406,0.095192425
1684,4.0992823,0.09456698
1685,3.9289272,0.076580465
1686,-4.0931726,-0.1743953
1687,-3.6655693,-0.04638014
1688,-4.085286,0.11501532
1689,-3.971698,0.11823625
1690,4.0319915,0.07211647
1691,4.3121047,-0.16019312
1692,-3.592547,-0.14246953
1693,-4.1659303,0.07782756
1694,3.8705635,0.042051733
1695,-4.1861744,-0.025795799
1696,3.9393575,0.081808686
1697,4.162913,-0.07360002
1698,4.0636244,0.14774717
1699,4.1476874,-0.1932516
1700,3.7708454,-0.08838012
1701,4.2708955,0.35205147
1702,-3.965154,-0.049210366
1703,4.238275,-0.067580506
1704,4.1139016,0.0454583
1705,3.7833061,-0.055584926
1706,4.382273,-0.038806494
1707,-3.7529008,0.30510536
1708,-3.9514606,-0.11359471
1709,-4.206028,0.19133922
1710,-3.8348737,-0.04729023
1711,4.0488544,0.08646189
1712,4.0328727,0.06335897
1713,4.0994773,0.10445435
1714,4.261192,-0.08901722
1715,3.7406132,-0.033110563
1716,3.8471198,0.070402026
1717,-3.7353811,0.06383965
1718,-3.8640218,0.19412789
1719,-4.3336196,0.06619433
1720,-3.853181,0.12783599
1721,-3.7851663,0.19733562
1722,4.0762277,-0.15033518
1723,-4.1652164,-0.014438264
1724,-4.1377597,-0.07197894
1725,-3.500248,0.25968435
1726,-3.9812155,-0.34300077
1727,3.9398615,-0.008005013
1728,4.1163096,0.18838184
1729,3.954838,0.025337636
1730,3.9215026,0.29737136
1731,-4.2969766,-0.2812505
1732,3.8938868,0.35221004
1733,-3.9180343,-0.108124085
1734,4.207213,-0.0725338
1735,4.0513406,0.23225924
1736,-3.7907515,-0.019588374
1737,4.091164,-0.35657188
1738,3.7053988,-0.12055592
1739,-3.696041,0.045332633
1740,-3.8480341,-0.010009493
1741,3.7229137,0.007723691
1742,4.102629,-0.22329058
1743,-3.9947789,0.2691325
1744,-3.8845413,0.048656505
1745,-4.0239673,0.13034035
1746,4.1493025,-0.12523755
1747,3.985198,-0.19989313
1748,3.9075232,-0.10057694
1749,-3.960439,-0.06999979
1750,4.1401343,-0.23603763
1751,3.8782718,0.12860195
1752,-3.8765647,0.03321135
1753,4.4169536,-0.31432465
1754,-4.190306,-0.04168145
1755,4.0180106,0.13186501
1756,4.1335087,0.20065325
1757,4.0411596,-0.12767045
1758,-4.1495996,-0.13197525
1759,-3.7215064,-0.030150527
1760,4.1477265,0.022278864
1761,3.8410115,0.078472875
1762,-4.051144,-0.11438148
1763,-3.965936,-0.043369923
1764,-4.157934,0.021484353
1765,4.056752,-0.41485867
1766,-3.6920514,0.08636425
1767,-4.076837,0.1339899
1768,-4.103851,-0.12241515
1769,-4.163972,0.1674928
1770,4.066067,-0.10692302
1771,4.0279927,-0.11008239
1772,-3.9643354,-0.035723258
1773,-3.893491,-0.1464579
1774,-3.966944,-0.012541279
1775,3.8522034,-0.09597699
1776,-3.6987092,0.04586333
1777,-3.944892,0.00023474953
1778,-4.2148714,-0.15268818
1779,-3.7775476,-0.057022866
1780,4.175768,0.17266646
1781,4.3052645,-0.10166679
1782,-4.24513,0.27600515
1783,3.7898443,0.30326805
1784,-3.8058043,-0.23877472
1785,-4.0576386,-0.085637905
1786,-4.0922117,0.07893803
1787,3.7899978,-0.036856048
1788,-3.9856412,-0.122849904
1789,-4.1466436,-0.100613795
1790,-3.7926352,0.0895526
1791,-4.1323056,0.0068506496
1792,-4.115618,0.17125343
1793,-3.8114758,0.09768155
1794,3.9074621,0.04825615
1795,-3.6612413,-0.05303593
1796,-3.8906548,0.048573982
1797,3.8671045,0.12675807
1798,-3.684814,0.011494757
1799,-3.9729953,-0.028956002
1800,-3.9496534,0.13102698
1801,4.0408106,-0.08260265
1802,-3.983979,0.14096692
1803,4.0123715,0.11841745
1804,-4.0575557,-0.2031982
1805,-4.2060595,-0.004209271
1806,3.9946365,0.052054066
1807,4.1472006,-0.01864844
1808,3.93519,0.036544558
1809,4.029308,0.08408788
1810,4.274429,-0.07681831
1811,3.764223,0.2474645
1812,-3.9722273,0.14642556
1813,3.902499,-0.259947
1814,-4.1697445,0.10572913
1815,4.229604,-0.051609177
1816,-4.128862,0.054139428
1817,-3.8081293,0.05687987
1818,-4.105218,-0.16494517
1819,3.939779,-0.006521261
1820,4.1831403,-0.09391526
1821,-4.152121,-0.062344253
1822,-4.0164843,-0.057775453
1823,4.2032275,0.05273841
1824,3.718846,-0.06505098
1825,4.1396766,0.26749176
1826,4.0972667,0.41045803
1827,4.271926,0.35312355
1828,3.7558384,0.28122133
1829,-3.8806214,0.030355895
1830,3.9576042,0.0110149095
1831,4.162853,0.30926713
1832,3.854499,0.36612076
1833,4.213546,0.13183504
1834,4.0005465,-0.20450753
1835,-4.012427,-0.13449955
1836,4.4314647,-0.20158425
1837,-4.174122,-0.34390652
1838,4.1233234,-0.12535769
1839,-3.9956665,0.13972422
1840,3.8582191,0.112938926
1841,4.013415,-0.50364697
1842,3.8828013,0.150139
1843,3.6185806,0.10225879
1844,-3.8547604,0.22542489
1845,3.814742,-0.28052932
1846,-4.1108193,-0.100203186
1847,3.6947181,-0.118973084
1848,4.200187,-0.011204396
1849,4.035653,-0.15419687
1850,4.077242,-0.35717294
1851,-4.0423045,-0.0043716272
1852,3.8538578,-0.16724709
1853,3.8641489,0.28581792
1854,-3.8003876,-0.112788245
1855,-3.971961,-0.05235551
1856,3.992489,-0.3789844
1857,-4.051718,0.31056446
1858,-4.201897,-0.21180052
1859,-4.056165,0.0931697
1860,3.9261503,-0.18981276
1861,3.8528042,0.02284904
1862,4.04351,-0.021499325
1863,-4.4245043,-0.17592669
1864,-4.0652385,0.12667654
1865,-4.0912185,0.16714093
1866,3.680504,-0.10388695
1867,-3.9368846,-0.20271865
1868,3.7535303,0.42500144
1869,-3.6992557,0.04348412
1870,4.018032,-0.07785566
1871,3.7459779,0.20632032
1872,-4.0050654,-0.074436545
1873,-4.09841,0.078093864
1874,-3.882179,0.15280408
1875,-4.173466,0.05590471
1876,3.8098776,-0.018074796
1877,-3.8303752,0.10365521
1878,-4.019947,0.20371199
1879,4.062747,-0.378056
1880,-3.9415555,0.2624783
1881,-4.2334576,0.28069773
1882,3.7156575,-0.1161364
1883,-4.1474876,-0.19173537
1884,4.278361,-0.31595406
1885,-4.0133095,0.1684081
1886,4.0846543,0.0025129577
1887,4.1357627,0.2608147
1888,-4.1335044,0.017121594
1889,4.2280116,-0.14871822
1890,3.7701526,0.23726821
1891,-3.930619,0.006521528
1892,-3.7318497,-0.10186626
1893,4.0973425,-0.17783979
1894,4.0926504,-0.023431009
1895,-4.0885496,-0.2076605
1896,-3.9519682,0.37439305
1897,4.0307603,-0.25016484
1898,3.8943272,-0.27409467
1899,-3.7414606,-0.07101443
1900,3.8203492,-0.30454394
1901,4.10926,0.0676054
1902,-4.023382,0.1536169
1903,-4.106094,0.09872111
1904,-4.04737,0.24749574
1905,4.1361895,0.047466964
1906,3.9311764,0.14957331
1907,4.0732346,0.12331245
1908,3.958703,0.17761268
1909,-3.8945618,-0.0998597
1910,-4.176172,-0.02978896
1911,3.781469,-0.053717386
1912,-4.049895,0.25638267
1913,-4.0960045,0.078772694
1914,4.0681877,-0.06056718
1915,3.8833554,0.19916178
1916,4.017782,-0.3112639
1917,4.151145,0.23831537
1918,-4.119064,0.025980849
1919,-4.2103624,-0.06513598
1920,-3.9948242,-0.13935746
1921,-4.2246094,0.24421072
1922,3.674567,-0.15257582
1923,-3.9968057,0.16036454
1924,3.8034728,0.08657033
1925,3.8869843,0.06435866
1926,-3.9433382,-0.015969789
1927,-4.2115855,-0.08054172
1928,-3.8662002,0.066981815
1929,3.8623707,-0.2961903
1930,-4.0721664,0.2533438
1931,-4.0062504,0.0061378153
1932,3.9510553,0.265723
1933,-4.131586,0.22578934
1934,-3.7934208,0.034453154
1935,4.303887,-0.08077354
1936,-4.185886,0.08934656
1937,-3.831508,-0.35852802
1938,-4.2673078,-0.06197818
1939,-3.9663618,0.055683773
1940,-3.9502907,-0.014529698
1941,4.0562177,0.008505527
1942,-3.931169,0.040252026
1943,3.7957697,0.13881764
1944,3.9838185,-0.23350188
1945,-3.9880629,-0.008300097
1946,4.082088,0.17760473
1947,3.718816,0.01826739
1948,-4.2445936,0.28267127
1949,3.9667475,0.14989898
1950,-3.8874874,-0.3823506
1951,3.7325933,-0.025834115
1952,-4.1168623,0.13264996
1953,3.9416938,-0.011395781
1954,4.198009,-0.13063683
1955,-4.1519303,0.30868775
1956,4.2010736,-0.1274477
1957,-4.040745,-0.03799708
1958,-3.8263779,-0.0120282695
1959,3.997355,0.057502612
1960,-3.7846336,-0.41682574
1961,-4.035193,0.1193201
1962,-3.9071796,0.19041175
1963,-3.955695,-0.13355243
1964,4.193259,0.015264274
1965,4.2948823,-0.016342241
1966,3.8019063,0.093954004
1967,-3.9467063,-0.03878633
1968,-4.132425,-0.051951975
1969,4.045699,0.116321556
1970,-4.010466,0.14766201
1971,4.142145,0.19983757
1972,4.2255883,0.054040752
1973,3.8702638,0.13746375
1974,4.063262,0.06815807
1975,-4.2320843,-0.07383415
1976,-4.2516246,0.29054767
1977,-3.9956372,-0.20360203
1978,-3.7718287,0.0427854
1979,-3.759479,-0.2892724
1980,4.08865,0.10496628
1981,4.170515,0.17704491
1982,-4.0059133,-0.14833641
1983,-3.6978884,0.051381547
1984,4.0283237,-0.3200957
1985,-4.076994,0.11365493
1986,-4.079459,0.110712774
1987,-3.9600646,0.059265472
1988,-4.2222614,-0.38523716
1989,4.1204185,0.19694245
1990,-4.2790728,-0.11228913
1991,-3.9379895,-0.2762778
1992,-3.9304943,-0.112975
1993,4.2395573,-0.15517691
1994,4.099731,0.13736479
1995,-4.0305557,-0.11731591
1996,3.8669133,0.29272857
1997,4.048603,-0.52918774
1998,3.7482986,-0.048230615
1999,3.7888107,-0.0381434
